Date,Time,P,T,Int_load,Ext_load,Disp,Intensifier,6v,T_bath,pist_13_mm,pist_20_mm,time(s)
12/11/2015,11:38:57 AM,0.573492,264.0355,0.017772,0.000411,1.484369,-3.948804,6.029335,262.9574,263.4565,263.5756,41937.00
12/11/2015,11:39:11 AM,0.575178,264.0384,0.017827,0.00041,1.557128,-3.948779,6.033323,263.0309,263.4569,263.5768,41951.00
12/11/2015,11:39:25 AM,0.575038,264.0331,0.018564,0.000382,1.566434,-3.949045,6.029791,263.109,263.4585,263.5777,41965.00
12/11/2015,11:39:39 AM,0.574389,264.0352,0.017724,0.000214,1.55038,-3.950906,6.029006,263.1909,263.4584,263.5793,41979.00
12/11/2015,11:39:53 AM,0.574417,264.0371,0.01772,0.000215,1.550127,-3.950906,6.028968,263.2752,263.4589,263.5822,41993.00
12/11/2015,11:40:07 AM,0.574317,264.0377,0.017707,0.000215,1.550279,-3.950957,6.029032,263.3668,263.4615,263.5839,42007.00
12/11/2015,11:40:22 AM,0.574458,264.0416,0.017682,0.000216,1.550317,-3.950906,6.028981,263.458,263.4598,263.5878,42022.00
12/11/2015,11:40:37 AM,0.574662,264.0418,0.01768,0.000215,1.550469,-3.950931,6.033805,263.5497,263.4619,263.5901,42037.00
12/11/2015,11:40:51 AM,0.574351,264.0431,0.017816,0.000257,1.553052,-3.950893,6.028829,263.6429,263.4618,263.5904,42051.00
12/11/2015,11:41:05 AM,0.574456,264.0454,0.017642,0.000256,1.553064,-3.950868,6.028829,263.7395,263.4624,263.5921,42065.00
12/11/2015,11:41:19 AM,0.57425,264.0434,0.017644,0.000255,1.553064,-3.950792,6.028816,263.7769,263.4613,263.5911,42079.00
12/11/2015,11:41:33 AM,0.574335,264.0468,0.017631,0.000255,1.553064,-3.950767,6.028778,263.1998,263.4614,263.5899,42093.00
12/11/2015,11:41:47 AM,0.574306,264.043,0.01764,0.000255,1.552938,-3.950805,6.028753,262.7126,263.4579,263.5904,42107.00
12/11/2015,11:42:01 AM,0.574264,264.0435,0.017645,0.000255,1.552912,-3.950767,6.028702,261.9565,263.4576,263.5875,42121.00
12/11/2015,11:42:15 AM,0.574309,264.0423,0.017634,0.000255,1.552925,-3.950792,6.028791,260.7951,263.4569,263.5882,42135.00
12/11/2015,11:42:29 AM,0.574245,264.0387,0.017649,0.000255,1.552963,-3.950754,6.02869,259.5739,263.4559,263.5864,42149.00
12/11/2015,11:42:43 AM,0.574211,264.0352,0.017643,0.000254,1.552938,-3.950716,6.028626,258.3698,263.4538,263.5847,42163.00
12/11/2015,11:42:57 AM,0.574202,264.0322,0.01763,0.000254,1.55295,-3.950691,6.028601,257.2529,263.4535,263.586,42177.00
12/11/2015,11:43:11 AM,0.574304,264.0303,0.017622,0.000254,1.552912,-3.950615,6.028563,256.1842,263.4525,263.5855,42191.00
12/11/2015,11:43:25 AM,0.574179,264.0227,0.017614,0.000255,1.552925,-3.950678,6.028512,255.2311,263.4517,263.5861,42205.00
12/11/2015,11:43:39 AM,0.574208,264.0221,0.017653,0.000253,1.553381,-3.949361,6.028994,254.359,263.4515,263.586,42219.00
12/11/2015,11:43:53 AM,0.573946,264.0118,0.017774,0.000257,1.553735,-3.949754,6.029032,253.6133,263.4537,263.5852,42233.00
12/11/2015,11:44:07 AM,0.574021,264.0088,0.017823,0.000259,1.553634,-3.949247,6.028968,253.6203,263.4519,263.5865,42247.00
12/11/2015,11:44:21 AM,0.574038,264.004,0.017845,0.000257,1.553647,-3.949361,6.028918,254.1962,263.4522,263.5818,42261.00
12/11/2015,11:44:35 AM,0.57405,264.0016,0.017813,0.000262,1.553115,-3.949197,6.028816,254.9475,263.4533,263.5816,42275.00
12/11/2015,11:44:49 AM,0.573901,263.9925,0.017875,0.000266,1.553204,-3.949311,6.028854,255.743,263.4532,263.5784,42289.00
12/11/2015,11:45:03 AM,0.573776,263.9889,0.017884,0.000294,1.55466,-3.949349,6.02893,256.5284,263.4548,263.5752,42303.00
12/11/2015,11:45:17 AM,0.57415,263.9876,0.01764,0.000313,1.554723,-3.949133,6.028804,257.2776,263.454,263.5749,42317.00
12/11/2015,11:45:31 AM,0.573998,263.982,0.017661,0.000326,1.555343,-3.949045,6.028842,257.9605,263.4543,263.5716,42331.00
12/11/2015,11:45:45 AM,0.573972,263.9797,0.01764,0.000342,1.555875,-3.949146,6.028829,258.5903,263.453,263.5708,42345.00
12/11/2015,11:45:59 AM,0.573946,263.9752,0.017694,0.000361,1.556445,-3.948868,6.02893,259.1577,263.4514,263.5675,42359.00
12/11/2015,11:46:13 AM,0.574166,263.9726,0.017675,0.000352,1.557977,-3.949235,6.028842,259.6595,263.4511,263.5673,42373.00
12/11/2015,11:46:27 AM,0.573828,263.9739,0.017707,0.000377,1.558053,-3.948906,6.029082,260.1138,263.4472,263.5663,42387.00
12/11/2015,11:46:41 AM,0.573852,263.971,0.017677,0.00041,1.559787,-3.949007,6.028956,260.522,263.4461,263.5661,42401.00
12/11/2015,11:46:55 AM,0.573904,263.9706,0.017708,0.000424,1.561686,-3.949285,6.028994,260.8963,263.4435,263.5661,42415.00
12/11/2015,11:47:09 AM,0.574204,263.9641,0.017746,0.000416,1.563686,-3.949019,6.029032,261.2367,263.4391,263.5658,42429.00
12/11/2015,11:47:23 AM,0.573796,263.9624,0.017727,0.000414,1.564206,-3.949171,6.029057,261.5433,263.4384,263.5669,42443.00
12/11/2015,11:47:37 AM,0.574171,263.964,0.01778,0.000415,1.565396,-3.949032,6.028968,261.8188,263.435,263.5663,42457.00
12/11/2015,11:47:51 AM,0.573696,263.9579,0.017734,0.00041,1.566687,-3.948994,6.028854,262.068,263.4307,263.5637,42471.00
12/11/2015,11:48:05 AM,0.573842,263.9562,0.017738,0.000414,1.568004,-3.949146,6.028968,262.2938,263.432,263.5647,42485.00
12/11/2015,11:48:19 AM,0.573882,263.9442,0.017789,0.000415,1.56965,-3.948792,6.028892,262.493,263.4274,263.5616,42499.00
12/11/2015,11:48:33 AM,0.573977,263.9444,0.01795,0.000412,1.570485,-3.949247,6.029006,262.6739,263.4284,263.5618,42513.00
12/11/2015,11:48:47 AM,0.574052,263.934,0.01831,0.000414,1.572118,-3.949399,6.029044,262.8372,263.428,263.5594,42527.00
12/11/2015,11:49:01 AM,0.573928,263.9339,0.018975,0.000414,1.574119,-3.949032,6.028905,262.9854,263.4254,263.5564,42541.00
12/11/2015,11:49:15 AM,0.574225,263.9308,0.019484,0.00042,1.576044,-3.94926,6.029196,263.1204,263.4262,263.555,42555.00
12/11/2015,11:49:29 AM,0.573862,263.9232,0.019766,0.00042,1.577018,-3.948931,6.02912,263.2416,263.4224,263.5525,42569.00
12/11/2015,11:49:43 AM,0.57395,263.9265,0.020211,0.000418,1.578576,-3.94883,6.028905,263.3537,263.4234,263.5487,42583.00
12/11/2015,11:49:57 AM,0.573931,263.9183,0.020826,0.000417,1.579627,-3.949488,6.02893,263.4521,263.4206,263.5483,42597.00
12/11/2015,11:50:11 AM,0.573822,263.9189,0.020924,0.000425,1.582045,-3.948906,6.02912,263.5446,263.4193,263.543,42611.00
12/11/2015,11:50:25 AM,0.573876,263.9196,0.021552,0.000429,1.583336,-3.948893,6.02893,263.6301,263.4199,263.5404,42625.00
12/11/2015,11:50:39 AM,0.573913,263.9176,0.022143,0.000429,1.584767,-3.949361,6.02893,263.7065,263.4147,263.5396,42639.00
12/11/2015,11:50:53 AM,0.573999,263.9209,0.023104,0.000432,1.587527,-3.948766,6.028918,263.7795,263.4144,263.5346,42653.00
12/11/2015,11:51:07 AM,0.573977,263.9163,0.023978,0.000435,1.589362,-3.948855,6.028905,263.8441,263.4118,263.5329,42667.00
12/11/2015,11:51:21 AM,0.57358,263.9221,0.024042,0.000437,1.590489,-3.949463,6.02888,263.9087,263.4109,263.5323,42681.00
12/11/2015,11:51:35 AM,0.573774,263.9185,0.024818,0.000435,1.59197,-3.949007,6.028854,263.9666,263.4098,263.5302,42695.00
12/11/2015,11:51:49 AM,0.573898,263.9227,0.025216,0.00044,1.593452,-3.94888,6.029184,264.0241,263.4076,263.5317,42709.00
12/11/2015,11:52:03 AM,0.574179,263.9242,0.026211,0.000449,1.595022,-3.949197,6.028842,264.0752,263.408,263.5296,42723.00
12/11/2015,11:52:17 AM,0.573991,263.92,0.026766,0.000449,1.596288,-3.948817,6.028968,264.1253,263.4064,263.5327,42737.00
12/11/2015,11:52:31 AM,0.573317,263.9216,0.027084,0.000447,1.59763,-3.949095,6.028943,264.1719,263.4106,263.5322,42751.00
12/11/2015,11:52:45 AM,0.573841,263.9229,0.027881,0.000454,1.59939,-3.948868,6.028981,264.2179,263.411,263.5346,42765.00
12/11/2015,11:52:59 AM,0.573635,263.921,0.027511,0.000448,1.599871,-3.949171,6.028842,264.2603,263.4132,263.5352,42779.00
12/11/2015,11:53:13 AM,0.573753,263.9217,0.026777,0.000446,1.601314,-3.949247,6.028981,264.3006,263.4157,263.5365,42793.00
12/11/2015,11:53:27 AM,0.573985,263.921,0.027814,0.000453,1.603314,-3.948893,6.028804,264.3416,263.4163,263.537,42807.00
12/11/2015,11:53:41 AM,0.573459,263.9194,0.028542,0.000454,1.604124,-3.949019,6.029006,264.3757,263.418,263.5398,42821.00
12/11/2015,11:53:55 AM,0.573663,263.9172,0.028828,0.000455,1.604884,-3.949019,6.029019,264.412,263.4184,263.5392,42835.00
12/11/2015,11:54:09 AM,0.573694,263.9124,0.029211,0.000459,1.605884,-3.948766,6.028905,264.4438,263.4167,263.539,42849.00
12/11/2015,11:54:23 AM,0.573938,263.9135,0.029933,0.000461,1.607176,-3.949019,6.029108,264.4743,263.418,263.537,42863.00
12/11/2015,11:54:37 AM,0.573686,263.9092,0.029556,0.00045,1.60729,-3.949222,6.02893,264.5027,263.4158,263.5367,42877.00
12/11/2015,11:54:51 AM,0.57378,263.91,0.030026,0.000461,1.609568,-3.949374,6.028791,264.5327,263.418,263.5342,42891.00
12/11/2015,11:55:05 AM,0.573583,263.912,0.030767,0.000466,1.611733,-3.948956,6.02893,264.5617,263.4127,263.5354,42905.00
12/11/2015,11:55:19 AM,0.573831,263.9113,0.030963,0.00046,1.613443,-3.949171,6.028791,264.5907,263.4133,263.5332,42919.00
12/11/2015,11:55:33 AM,0.57363,263.9052,0.030371,0.000449,1.614823,-3.948956,6.028867,264.6117,263.4095,263.5322,42933.00
12/11/2015,11:55:47 AM,0.573748,263.9127,0.029478,0.000455,1.614202,-3.949298,6.02893,264.6405,263.4112,263.5312,42947.00
12/11/2015,11:56:01 AM,0.573627,263.9134,0.029532,0.000457,1.616,-3.949159,6.028778,264.6606,263.4078,263.5322,42961.00
12/11/2015,11:56:15 AM,0.573564,263.9155,0.03011,0.000457,1.618013,-3.949019,6.028766,264.6862,263.4119,263.5319,42975.00
12/11/2015,11:56:29 AM,0.573662,263.9184,0.02916,0.000456,1.618292,-3.948994,6.028804,264.706,263.4107,263.5332,42989.00
12/11/2015,11:56:43 AM,0.573371,263.9211,0.030125,0.00046,1.620457,-3.949108,6.028994,264.7279,263.4125,263.5338,43003.00
12/11/2015,11:56:57 AM,0.573551,263.9239,0.030814,0.000461,1.622166,-3.948893,6.028829,264.75,263.4137,263.5342,43017.00
12/11/2015,11:57:11 AM,0.573371,263.9273,0.030889,0.000467,1.624318,-3.948944,6.028829,264.7686,263.4178,263.5368,43031.00
12/11/2015,11:57:25 AM,0.573488,263.9351,0.03149,0.000469,1.626369,-3.948994,6.028804,264.7913,263.4197,263.54,43045.00
12/11/2015,11:57:39 AM,0.573762,263.9383,0.032238,0.000464,1.628458,-3.948855,6.028905,264.8103,263.4219,263.5417,43059.00
12/11/2015,11:57:53 AM,0.573841,263.9425,0.031704,0.000466,1.630737,-3.948931,6.028728,264.8272,263.4232,263.5403,43073.00
12/11/2015,11:58:07 AM,0.573798,263.9473,0.032023,0.00047,1.632585,-3.948842,6.028892,264.8471,263.4252,263.543,43087.00
12/11/2015,11:58:21 AM,0.573831,263.9532,0.032613,0.000469,1.634674,-3.948728,6.028766,264.8652,263.4282,263.5442,43101.00
12/11/2015,11:58:35 AM,0.573774,263.9568,0.032297,0.00047,1.635168,-3.948513,6.028778,264.8815,263.4313,263.5427,43115.00
12/11/2015,11:58:49 AM,0.573563,263.9571,0.032134,0.000466,1.635687,-3.94883,6.02907,264.898,263.4297,263.5435,43129.00
12/11/2015,11:59:03 AM,0.573532,263.9636,0.032054,0.000468,1.637282,-3.949019,6.029171,264.9133,263.4323,263.543,43143.00
12/11/2015,11:59:17 AM,0.573507,263.9593,0.031671,0.000458,1.64046,-3.948868,6.028968,264.8927,263.4292,263.5427,43157.00
12/11/2015,11:59:31 AM,0.573704,263.9649,0.030755,0.000462,1.640637,-3.948754,6.028842,264.286,263.4294,263.5404,43171.00
12/11/2015,11:59:45 AM,0.573381,263.956,0.031021,0.00045,1.643283,-3.948589,6.028804,263.7337,263.4295,263.5436,43185.00
12/11/2015,11:59:59 AM,0.573229,263.9612,0.030465,0.00046,1.643967,-3.949235,6.028702,262.9182,263.4277,263.5403,43199.00
12/11/2015,12:00:13 PM,0.573431,263.9559,0.031587,0.000464,1.646562,-3.948678,6.028753,261.7183,263.4246,263.5393,43213.00
12/11/2015,12:00:27 PM,0.573496,263.9549,0.03152,0.000461,1.646942,-3.948538,6.02874,260.448,263.4262,263.5418,43227.00
12/11/2015,12:00:41 PM,0.573754,263.9517,0.031522,0.000467,1.649348,-3.948589,6.028816,259.1608,263.4249,263.5423,43241.00
12/11/2015,12:00:55 PM,0.573654,263.9484,0.03072,0.000459,1.648892,-3.948956,6.028715,257.958,263.4253,263.5412,43255.00
12/11/2015,12:01:09 PM,0.573529,263.9453,0.03074,0.00046,1.650209,-3.948868,6.028867,256.8282,263.4246,263.5392,43269.00
12/11/2015,12:01:23 PM,0.573554,263.9436,0.031852,0.000467,1.652095,-3.948969,6.028892,255.807,263.4245,263.5405,43283.00
12/11/2015,12:01:37 PM,0.573492,263.9382,0.032706,0.000468,1.654893,-3.948766,6.02869,254.858,263.4264,263.542,43297.00
12/11/2015,12:01:51 PM,0.573592,263.9348,0.032792,0.000467,1.656159,-3.948792,6.028766,254.0444,263.4256,263.5415,43311.00
12/11/2015,12:02:05 PM,0.573402,263.9264,0.032557,0.000465,1.657615,-3.948779,6.02869,253.9267,263.4296,263.5473,43325.00
12/11/2015,12:02:19 PM,0.573665,263.9275,0.033276,0.000469,1.659071,-3.948602,6.028702,254.4129,263.4299,263.547,43339.00
12/11/2015,12:02:33 PM,0.573419,263.9225,0.033499,0.000477,1.661565,-3.948931,6.028626,255.1314,263.4342,263.5513,43353.00
12/11/2015,12:02:47 PM,0.57334,263.9238,0.033384,0.000476,1.662882,-3.949095,6.02869,255.9329,263.4382,263.5534,43367.00
12/11/2015,12:03:01 PM,0.573539,263.9189,0.032428,0.000465,1.665642,-3.949121,6.028804,256.7153,263.4406,263.5589,43381.00
12/11/2015,12:03:15 PM,0.573933,263.9182,0.031743,0.000464,1.666338,-3.948741,6.028614,257.4628,263.4441,263.5636,43395.00
12/11/2015,12:03:29 PM,0.573629,263.9108,0.032371,0.000471,1.669301,-3.948779,6.028639,258.1512,263.4461,263.565,43409.00
12/11/2015,12:03:43 PM,0.573325,263.9153,0.031917,0.000468,1.669187,-3.948792,6.028588,258.7954,263.4485,263.5716,43423.00
12/11/2015,12:03:57 PM,0.573353,263.9059,0.032319,0.000472,1.670731,-3.949121,6.028639,259.3708,263.4512,263.5747,43437.00
12/11/2015,12:04:11 PM,0.573358,263.9119,0.032312,0.000467,1.67139,-3.948792,6.028652,259.888,263.454,263.5778,43451.00
12/11/2015,12:04:25 PM,0.573183,263.911,0.032452,0.00047,1.67258,-3.948602,6.028652,260.3513,263.4519,263.5799,43465.00
12/11/2015,12:04:39 PM,0.573058,263.9072,0.033032,0.000471,1.674732,-3.948855,6.02855,260.7599,263.4511,263.5806,43479.00
12/11/2015,12:04:53 PM,0.573363,263.9068,0.033566,0.000472,1.677986,-3.948475,6.028639,261.1287,263.451,263.5806,43493.00
12/11/2015,12:05:07 PM,0.573649,263.9068,0.033429,0.000474,1.681202,-3.948792,6.028563,261.4592,263.4495,263.5776,43507.00
12/11/2015,12:05:21 PM,0.573653,263.9013,0.033361,0.000474,1.682746,-3.948614,6.028639,261.7583,263.4486,263.5773,43521.00
12/11/2015,12:05:35 PM,0.573311,263.9032,0.03327,0.000472,1.683582,-3.948842,6.028601,262.027,263.4479,263.5778,43535.00
12/11/2015,12:05:49 PM,0.573395,263.9036,0.033845,0.000475,1.683911,-3.948602,6.028474,262.2679,263.4481,263.5749,43549.00
12/11/2015,12:06:03 PM,0.573515,263.9012,0.033778,0.000477,1.685645,-3.948716,6.028639,262.4835,263.4482,263.5747,43563.00
12/11/2015,12:06:17 PM,0.573812,263.8978,0.034337,0.000478,1.687405,-3.948716,6.028538,262.6819,263.4483,263.5738,43577.00
12/11/2015,12:06:31 PM,0.573604,263.9017,0.034229,0.000477,1.689874,-3.948463,6.028335,262.8577,263.4506,263.5728,43591.00
12/11/2015,12:06:45 PM,0.573515,263.8955,0.034141,0.000472,1.693685,-3.948576,6.028512,263.0213,263.4489,263.5719,43605.00
12/11/2015,12:06:59 PM,0.573613,263.8939,0.034,0.000477,1.694597,-3.94888,6.028525,263.1643,263.4494,263.5702,43619.00
12/11/2015,12:07:13 PM,0.573725,263.8888,0.03368,0.000471,1.695711,-3.948779,6.028462,263.2988,263.4506,263.5712,43633.00
12/11/2015,12:07:27 PM,0.573252,263.8911,0.033877,0.000474,1.697192,-3.949045,6.028411,263.4198,263.4487,263.5701,43647.00
12/11/2015,12:07:41 PM,0.573423,263.8886,0.03406,0.000473,1.698762,-3.948703,6.0285,263.5293,263.4492,263.5691,43661.00
12/11/2015,12:07:55 PM,0.573424,263.883,0.03363,0.000473,1.699939,-3.948855,6.028462,263.63,263.4473,263.5703,43675.00
12/11/2015,12:08:09 PM,0.573358,263.8849,0.03363,0.000473,1.701965,-3.948944,6.028436,263.7248,263.4496,263.5696,43689.00
12/11/2015,12:08:23 PM,0.573426,263.8841,0.034135,0.000473,1.703775,-3.948614,6.02855,263.8129,263.4507,263.5713,43703.00
12/11/2015,12:08:37 PM,0.573277,263.8787,0.034066,0.000475,1.705447,-3.948374,6.028386,263.8915,263.4492,263.5714,43717.00
12/11/2015,12:08:51 PM,0.573542,263.8815,0.033941,0.000471,1.70765,-3.948716,6.028386,263.9668,263.4511,263.5711,43731.00
12/11/2015,12:09:05 PM,0.573189,263.8816,0.033579,0.000471,1.709295,-3.948463,6.028335,264.0371,263.4526,263.5758,43745.00
12/11/2015,12:09:19 PM,0.573447,263.8863,0.033979,0.000475,1.712815,-3.948463,6.028323,264.1013,263.4558,263.5767,43759.00
12/11/2015,12:09:33 PM,0.573525,263.8881,0.034503,0.000473,1.71417,-3.948766,6.028348,264.164,263.4596,263.5808,43773.00
12/11/2015,12:09:47 PM,0.573288,263.8953,0.033674,0.000467,1.714018,-3.948488,6.02831,264.2227,263.463,263.5832,43787.00
12/11/2015,12:10:01 PM,0.573705,263.901,0.033288,0.000464,1.714549,-3.948399,6.02831,264.2762,263.4684,263.5886,43801.00
12/11/2015,12:10:15 PM,0.573215,263.9026,0.033288,0.000466,1.71598,-3.948348,6.028677,264.328,263.4685,263.5918,43815.00
12/11/2015,12:10:29 PM,0.573298,263.9087,0.033745,0.00047,1.719044,-3.948564,6.028361,264.374,263.4735,263.5934,43829.00
12/11/2015,12:10:43 PM,0.573534,263.9122,0.033274,0.000473,1.72031,-3.948399,6.028221,264.4197,263.4774,263.5976,43843.00
12/11/2015,12:10:57 PM,0.573552,263.919,0.033856,0.000475,1.721082,-3.948222,6.028323,264.4607,263.4778,263.5978,43857.00
12/11/2015,12:11:11 PM,0.573399,263.9183,0.03403,0.000475,1.722715,-3.948311,6.028272,264.4976,263.4796,263.5981,43871.00
12/11/2015,12:11:25 PM,0.573634,263.9227,0.034015,0.000473,1.724602,-3.948412,6.028272,264.5337,263.4809,263.5998,43885.00
12/11/2015,12:11:39 PM,0.573567,263.926,0.034367,0.000472,1.726007,-3.948665,6.02831,264.5671,263.4802,263.5988,43899.00
12/11/2015,12:11:53 PM,0.5735,263.923,0.033861,0.00047,1.726944,-3.948754,6.028297,264.5967,263.4805,263.5949,43913.00
12/11/2015,12:12:07 PM,0.573468,263.9315,0.033678,0.000475,1.728906,-3.948386,6.0285,264.5809,263.4793,263.5955,43927.00
12/11/2015,12:12:21 PM,0.572973,263.924,0.03435,0.000464,1.732426,-3.948463,6.028297,263.9585,263.4826,263.5957,43941.00
12/11/2015,12:12:35 PM,0.573335,263.9321,0.03417,0.000471,1.73492,-3.948716,6.028259,263.4137,263.4795,263.5918,43955.00
12/11/2015,12:12:49 PM,0.573589,263.9197,0.034156,0.000472,1.736971,-3.948323,6.02812,262.5565,263.4785,263.5906,43969.00
12/11/2015,12:13:03 PM,0.573528,263.918,0.034148,0.000472,1.738946,-3.948412,6.028285,261.3958,263.4793,263.5887,43983.00
12/11/2015,12:13:17 PM,0.573383,263.918,0.034394,0.000472,1.741048,-3.948348,6.028297,260.0381,263.4774,263.5872,43997.00
12/11/2015,12:13:31 PM,0.572986,263.9078,0.034652,0.000474,1.741744,-3.948526,6.028095,258.7693,263.4761,263.588,44011.00
12/11/2015,12:13:45 PM,0.573768,263.9104,0.034663,0.000476,1.742757,-3.94883,6.02812,257.5342,263.4753,263.5849,44025.00
12/11/2015,12:13:59 PM,0.573694,263.9032,0.034934,0.000476,1.744504,-3.948804,6.028386,256.3969,263.4744,263.5841,44039.00
12/11/2015,12:14:13 PM,0.573662,263.8914,0.035115,0.000473,1.744656,-3.948564,6.028259,255.3396,263.4714,263.5821,44053.00
12/11/2015,12:14:27 PM,0.573703,263.8884,0.034359,0.00047,1.746543,-3.948589,6.028107,254.3959,263.4699,263.5844,44067.00
12/11/2015,12:14:41 PM,0.573581,263.8787,0.034502,0.000476,1.749948,-3.948386,6.028095,253.5686,263.4685,263.5829,44081.00
12/11/2015,12:14:55 PM,0.573497,263.8708,0.034275,0.000472,1.751708,-3.948513,6.028373,253.4859,263.4663,263.5824,44095.00
12/11/2015,12:15:09 PM,0.573243,263.8692,0.035065,0.00047,1.754443,-3.948513,6.028044,253.9964,263.4636,263.5829,44109.00
12/11/2015,12:15:23 PM,0.573609,263.8605,0.034149,0.000473,1.756215,-3.948336,6.028095,254.7642,263.4661,263.5834,44123.00
12/11/2015,12:15:37 PM,0.573576,263.8634,0.034225,0.000469,1.757507,-3.948386,6.028069,255.5516,263.4662,263.5819,44137.00
12/11/2015,12:15:51 PM,0.573532,263.8546,0.034506,0.000473,1.759494,-3.948361,6.028019,256.3711,263.4666,263.5837,44151.00
12/11/2015,12:16:05 PM,0.573279,263.8567,0.034816,0.000475,1.761722,-3.948804,6.028095,257.1501,263.4691,263.5834,44165.00
12/11/2015,12:16:19 PM,0.573495,263.8567,0.034386,0.000446,1.765027,-3.948247,6.027968,257.8802,263.4704,263.5853,44179.00
12/11/2015,12:16:33 PM,0.573585,263.845,0.033512,0.00047,1.765001,-3.948197,6.02812,258.5406,263.4734,263.5872,44193.00
12/11/2015,12:16:47 PM,0.573195,263.856,0.033604,0.000468,1.766179,-3.948361,6.027981,259.1379,263.476,263.5902,44207.00
12/11/2015,12:17:01 PM,0.573469,263.8531,0.034031,0.000473,1.767458,-3.948222,6.027968,259.6636,263.4813,263.5927,44221.00
12/11/2015,12:17:15 PM,0.573244,263.8595,0.034539,0.000474,1.769357,-3.948412,6.028006,260.1366,263.4831,263.5959,44235.00
12/11/2015,12:17:29 PM,0.573312,263.8626,0.034706,0.000479,1.772294,-3.948007,6.027955,260.561,263.487,263.6018,44249.00
12/11/2015,12:17:43 PM,0.573343,263.8689,0.03423,0.000471,1.77356,-3.948602,6.027905,260.9424,263.4892,263.6036,44263.00
12/11/2015,12:17:57 PM,0.573331,263.8745,0.034111,0.000475,1.774927,-3.948576,6.027981,261.2859,263.4941,263.6069,44277.00
12/11/2015,12:18:11 PM,0.573273,263.8758,0.034536,0.000474,1.776054,-3.948475,6.02812,261.599,263.4953,263.6104,44291.00
12/11/2015,12:18:25 PM,0.573301,263.8805,0.03475,0.000474,1.778181,-3.948614,6.028006,261.8747,263.4985,263.6127,44305.00
12/11/2015,12:18:39 PM,0.573396,263.8809,0.034756,0.000477,1.779536,-3.948614,6.027968,262.1238,263.4987,263.6119,44319.00
12/11/2015,12:18:53 PM,0.573473,263.8796,0.035103,0.000475,1.781701,-3.948564,6.02793,262.348,263.4994,263.612,44333.00
12/11/2015,12:19:07 PM,0.573445,263.8818,0.035609,0.000477,1.783347,-3.948488,6.028145,262.5485,263.4997,263.6106,44347.00
12/11/2015,12:19:21 PM,0.573239,263.8819,0.035847,0.00048,1.787272,-3.948437,6.027943,262.729,263.5022,263.6094,44361.00
12/11/2015,12:19:35 PM,0.573168,263.8801,0.035459,0.000476,1.789437,-3.94864,6.027854,262.8927,263.4977,263.6086,44375.00
12/11/2015,12:19:50 PM,0.573272,263.8786,0.035137,0.000477,1.791855,-3.948311,6.028031,262.9655,263.4999,263.6068,44390.00
12/11/2015,12:20:04 PM,0.573672,263.8775,0.035383,0.000479,1.79326,-3.94826,6.027918,262.4131,263.4945,263.6041,44404.00
12/11/2015,12:20:18 PM,0.573399,263.8753,0.035118,0.000478,1.794425,-3.94869,6.027892,261.8683,263.4941,263.6025,44418.00
12/11/2015,12:20:32 PM,0.57368,263.8737,0.035549,0.000479,1.795754,-3.948589,6.027892,261.0653,263.4927,263.5989,44432.00
12/11/2015,12:20:46 PM,0.573219,263.8706,0.035404,0.000478,1.797691,-3.948754,6.027854,259.8409,263.4903,263.6014,44446.00
12/11/2015,12:21:00 PM,0.573409,263.8642,0.035139,0.000477,1.79978,-3.948311,6.027968,258.4553,263.4868,263.5963,44460.00
12/11/2015,12:21:14 PM,0.573224,263.8612,0.035006,0.000475,1.801856,-3.94864,6.027829,257.1696,263.4874,263.6002,44474.00
12/11/2015,12:21:28 PM,0.573034,263.8562,0.034721,0.000469,1.804186,-3.948399,6.027816,255.8891,263.4865,263.6005,44488.00
12/11/2015,12:21:42 PM,0.573303,263.8524,0.034261,0.00047,1.807313,-3.948323,6.027778,254.7306,263.4875,263.5994,44502.00
12/11/2015,12:21:56 PM,0.573654,263.8456,0.034675,0.000468,1.808212,-3.948197,6.027842,253.6646,263.4846,263.6019,44516.00
12/11/2015,12:22:10 PM,0.57331,263.8436,0.034457,0.000473,1.809782,-3.948501,6.02774,252.6765,263.4856,263.6007,44530.00
12/11/2015,12:22:24 PM,0.573317,263.8331,0.034945,0.000475,1.811681,-3.948526,6.02788,251.8851,263.4833,263.6009,44544.00
12/11/2015,12:22:38 PM,0.573107,263.8287,0.034977,0.000473,1.814099,-3.94826,6.027702,251.8357,263.4847,263.6028,44558.00
12/11/2015,12:22:52 PM,0.573214,263.823,0.035616,0.000477,1.815378,-3.948019,6.02774,252.4645,263.4857,263.6004,44572.00
12/11/2015,12:23:06 PM,0.573463,263.8234,0.03502,0.000474,1.816454,-3.947893,6.02788,253.3192,263.4845,263.6009,44586.00
12/11/2015,12:23:20 PM,0.573264,263.818,0.035093,0.000474,1.818644,-3.948348,6.027715,254.2054,263.4836,263.5964,44600.00
12/11/2015,12:23:34 PM,0.573471,263.8139,0.034892,0.000477,1.819682,-3.948323,6.027677,255.1249,263.4825,263.5951,44614.00
12/11/2015,12:23:48 PM,0.57324,263.814,0.034958,0.000476,1.82186,-3.948576,6.027804,255.9855,263.4797,263.5938,44628.00
12/11/2015,12:24:02 PM,0.573525,263.8103,0.034603,0.000477,1.824304,-3.948348,6.02774,256.7966,263.4809,263.5892,44642.00
12/11/2015,12:24:16 PM,0.573525,263.8075,0.035214,0.000474,1.826278,-3.948386,6.027702,257.5304,263.4768,263.59,44656.00
12/11/2015,12:24:30 PM,0.573421,263.8054,0.035041,0.000477,1.827443,-3.948513,6.027639,258.1855,263.4769,263.5869,44670.00
12/11/2015,12:24:44 PM,0.573235,263.8036,0.035528,0.000479,1.829254,-3.948386,6.027652,258.7861,263.4741,263.5862,44684.00
12/11/2015,12:24:58 PM,0.573314,263.7996,0.035098,0.000471,1.829773,-3.948463,6.027588,259.3172,263.4759,263.5844,44698.00
12/11/2015,12:25:12 PM,0.572916,263.8009,0.034642,0.00047,1.831014,-3.948538,6.027766,259.8023,263.4728,263.5842,44712.00
12/11/2015,12:25:26 PM,0.573362,263.8026,0.035058,0.000474,1.831938,-3.948235,6.027702,260.2389,263.4727,263.5855,44726.00
12/11/2015,12:25:40 PM,0.5732,263.807,0.034133,0.000469,1.832482,-3.948501,6.027652,260.6265,263.4704,263.5819,44740.00
12/11/2015,12:25:54 PM,0.573448,263.8034,0.033867,0.000466,1.833913,-3.948298,6.027563,260.9778,263.469,263.5813,44754.00
12/11/2015,12:26:08 PM,0.573303,263.807,0.034007,0.000467,1.835913,-3.948083,6.027664,261.2903,263.4675,263.5813,44768.00
12/11/2015,12:26:22 PM,0.573226,263.8044,0.034308,0.000471,1.838053,-3.948298,6.027791,261.576,263.4695,263.5812,44782.00
12/11/2015,12:26:36 PM,0.573686,263.8041,0.034443,0.000469,1.839306,-3.948273,6.02769,261.8262,263.4669,263.5839,44796.00
12/11/2015,12:26:50 PM,0.57345,263.8027,0.034753,0.000469,1.841686,-3.948488,6.027677,262.0542,263.468,263.5847,44810.00
12/11/2015,12:27:04 PM,0.57335,263.8057,0.034614,0.000445,1.842446,-3.948133,6.0275,262.2578,263.4682,263.5843,44824.00
12/11/2015,12:27:18 PM,0.573039,263.8016,0.033661,0.00046,1.84299,-3.948057,6.027626,262.4425,263.4702,263.5823,44838.00
12/11/2015,12:27:32 PM,0.57334,263.8018,0.033728,0.000469,1.844991,-3.948159,6.027449,262.6072,263.4698,263.5835,44852.00
12/11/2015,12:27:46 PM,0.57351,263.7995,0.034002,0.000467,1.848055,-3.947804,6.027462,262.7577,263.4698,263.582,44866.00
12/11/2015,12:28:00 PM,0.573287,263.7921,0.033961,0.00047,1.84989,-3.947943,6.027487,262.8916,263.4652,263.5785,44880.00
12/11/2015,12:28:14 PM,0.573444,263.7951,0.034699,0.00047,1.852372,-3.947792,6.027436,263.0149,263.4654,263.578,44894.00
12/11/2015,12:28:28 PM,0.573229,263.7938,0.034684,0.000467,1.854714,-3.948209,6.027614,263.1262,263.4638,263.5732,44908.00
12/11/2015,12:28:42 PM,0.573135,263.7909,0.034534,0.000473,1.85598,-3.948273,6.027449,263.2296,263.4596,263.5687,44922.00
12/11/2015,12:28:56 PM,0.573476,263.7869,0.034168,0.000464,1.856474,-3.948273,6.027715,263.3229,263.4552,263.5651,44936.00
12/11/2015,12:29:10 PM,0.573316,263.7876,0.034173,0.000469,1.857714,-3.948311,6.027436,263.4088,263.4506,263.5582,44950.00
12/11/2015,12:29:24 PM,0.573483,263.7846,0.034488,0.000472,1.860753,-3.948298,6.027462,263.4879,263.446,263.5543,44964.00
12/11/2015,12:29:38 PM,0.573219,263.778,0.034932,0.000469,1.863007,-3.948222,6.027386,263.5631,263.4409,263.5479,44978.00
12/11/2015,12:29:52 PM,0.573254,263.7721,0.034761,0.000471,1.864842,-3.948222,6.027677,263.6294,263.4365,263.5438,44992.00
12/11/2015,12:30:06 PM,0.573262,263.7698,0.034647,0.000469,1.865475,-3.948108,6.027525,263.6938,263.4309,263.5401,45006.00
12/11/2015,12:30:20 PM,0.573263,263.7667,0.034753,0.000468,1.866374,-3.948386,6.02736,263.7544,263.4261,263.5335,45020.00
12/11/2015,12:30:34 PM,0.573283,263.7663,0.033967,0.000464,1.868666,-3.948083,6.027297,263.8097,263.4254,263.5325,45034.00
12/11/2015,12:30:48 PM,0.572893,263.7639,0.033573,0.000468,1.870552,-3.948463,6.027348,263.8619,263.4223,263.5266,45048.00
12/11/2015,12:31:02 PM,0.573219,263.7665,0.034246,0.00046,1.871236,-3.948247,6.02736,263.9146,263.4192,263.5258,45062.00
12/11/2015,12:31:16 PM,0.573288,263.7596,0.034922,0.000473,1.874591,-3.948197,6.027677,263.9624,263.4162,263.5236,45076.00
12/11/2015,12:31:30 PM,0.573067,263.7664,0.034653,0.000471,1.875389,-3.947905,6.027373,264.0098,263.4156,263.5243,45090.00
12/11/2015,12:31:44 PM,0.573115,263.7701,0.034821,0.000474,1.877262,-3.947728,6.02731,264.0543,263.4147,263.5231,45104.00
12/11/2015,12:31:58 PM,0.573415,263.7723,0.035268,0.000473,1.880187,-3.948121,6.027246,264.096,263.4161,263.5235,45118.00
12/11/2015,12:32:12 PM,0.573404,263.7696,0.035306,0.00047,1.881263,-3.948133,6.027297,264.1362,263.4154,263.5238,45132.00
12/11/2015,12:32:26 PM,0.573268,263.7719,0.035061,0.000471,1.883972,-3.948235,6.027348,264.1763,263.4192,263.5263,45146.00
12/11/2015,12:32:40 PM,0.573208,263.7807,0.035341,0.000473,1.886302,-3.947931,6.027246,264.2131,263.4204,263.5272,45160.00
12/11/2015,12:32:54 PM,0.57313,263.7819,0.034891,0.000474,1.888087,-3.948121,6.027284,264.2461,263.4223,263.529,45174.00
12/11/2015,12:33:08 PM,0.573367,263.7769,0.035205,0.000474,1.889632,-3.948108,6.027246,264.2764,263.4218,263.5291,45188.00
12/11/2015,12:33:22 PM,0.573533,263.7866,0.035213,0.000471,1.893037,-3.948209,6.027221,264.3064,263.4211,263.5298,45202.00
12/11/2015,12:33:36 PM,0.573326,263.781,0.034182,0.000466,1.893481,-3.948197,6.027183,264.331,263.4203,263.5298,45216.00
12/11/2015,12:33:50 PM,0.5735,263.7847,0.034911,0.000475,1.896608,-3.948399,6.027297,264.3563,263.4218,263.5309,45230.00
12/11/2015,12:34:04 PM,0.57314,263.7882,0.035111,0.000473,1.89776,-3.948121,6.027171,264.3767,263.4198,263.5267,45244.00
12/11/2015,12:34:18 PM,0.573552,263.7919,0.034445,0.000464,1.898659,-3.948146,6.027158,264.4,263.4193,263.5249,45258.00
12/11/2015,12:34:32 PM,0.573236,263.7834,0.034495,0.00047,1.90076,-3.947969,6.027259,264.4189,263.4137,263.5213,45272.00
12/11/2015,12:34:46 PM,0.573179,263.7857,0.035199,0.000469,1.903166,-3.947956,6.027474,264.4401,263.4135,263.5172,45286.00
12/11/2015,12:35:00 PM,0.57293,263.7808,0.035017,0.000467,1.904179,-3.947754,6.027209,264.4561,263.4068,263.512,45300.00
12/11/2015,12:35:14 PM,0.573235,263.7841,0.034695,0.000471,1.906724,-3.948222,6.027145,264.4734,263.4039,263.5084,45314.00
12/11/2015,12:35:28 PM,0.572965,263.7795,0.034697,0.000468,1.910585,-3.947905,6.027234,264.4922,263.3973,263.5032,45328.00
12/11/2015,12:35:42 PM,0.57315,263.7809,0.03436,0.000467,1.913345,-3.948171,6.027436,264.51,263.3967,263.4989,45342.00
12/11/2015,12:35:56 PM,0.573097,263.7749,0.033562,0.000468,1.914029,-3.947855,6.027209,264.5281,263.3907,263.4939,45356.00
12/11/2015,12:36:10 PM,0.572882,263.773,0.034331,0.000466,1.917244,-3.947918,6.027209,264.5457,263.3897,263.4949,45370.00
12/11/2015,12:36:24 PM,0.573423,263.768,0.033356,0.000464,1.917915,-3.94788,6.027082,264.5624,263.3852,263.4895,45384.00
12/11/2015,12:36:38 PM,0.573306,263.7713,0.033259,0.000459,1.918941,-3.94783,6.027107,264.5842,263.3857,263.4918,45398.00
12/11/2015,12:36:52 PM,0.57314,263.7722,0.033546,0.000461,1.920156,-3.947551,6.027019,264.6039,263.3841,263.49,45412.00
12/11/2015,12:37:06 PM,0.573303,263.7788,0.034057,0.000467,1.921574,-3.947678,6.027006,264.6208,263.3851,263.4893,45426.00
12/11/2015,12:37:20 PM,0.57345,263.7762,0.034171,0.000465,1.923245,-3.94788,6.027158,264.6416,263.3874,263.4923,45440.00
12/11/2015,12:37:34 PM,0.572871,263.7883,0.033583,0.000466,1.924081,-3.947614,6.027082,264.6626,263.3894,263.496,45454.00
12/11/2015,12:37:48 PM,0.573364,263.7873,0.034224,0.000468,1.925626,-3.94745,6.027171,264.6856,263.394,263.5002,45468.00
12/11/2015,12:38:02 PM,0.573125,263.7965,0.034506,0.000469,1.927854,-3.94769,6.027019,264.7068,263.3995,263.5033,45482.00
12/11/2015,12:38:16 PM,0.572888,263.7988,0.034466,0.00047,1.930196,-3.947412,6.027171,264.7261,263.4023,263.5056,45496.00
12/11/2015,12:38:30 PM,0.572784,263.8123,0.034325,0.000466,1.931665,-3.948019,6.027335,264.7446,263.4057,263.5092,45510.00
12/11/2015,12:38:44 PM,0.572987,263.8137,0.034131,0.000468,1.932678,-3.94783,6.027259,264.7607,263.4062,263.511,45524.00
12/11/2015,12:38:58 PM,0.572939,263.8213,0.034405,0.000468,1.934475,-3.947931,6.027031,264.7777,263.4095,263.5112,45538.00
12/11/2015,12:39:12 PM,0.572969,263.8251,0.034214,0.000463,1.935805,-3.947842,6.027044,264.7939,263.4084,263.5103,45552.00
12/11/2015,12:39:26 PM,0.573172,263.8257,0.034023,0.000464,1.938058,-3.947804,6.026955,264.8072,263.4064,263.5096,45566.00
12/11/2015,12:39:40 PM,0.57293,263.8267,0.034141,0.000462,1.939489,-3.948108,6.026892,264.8219,263.4048,263.5076,45580.00
12/11/2015,12:39:54 PM,0.573307,263.8305,0.034537,0.000469,1.942021,-3.948007,6.027006,264.8349,263.3994,263.5056,45594.00
12/11/2015,12:40:08 PM,0.573167,263.8309,0.034157,0.000467,1.943262,-3.947943,6.027019,264.8444,263.3963,263.5007,45608.00
12/11/2015,12:40:22 PM,0.573595,263.8308,0.035019,0.000468,1.945857,-3.947792,6.02712,264.8101,263.394,263.4974,45622.00
12/11/2015,12:40:36 PM,0.573058,263.8292,0.034511,0.00047,1.947224,-3.947564,6.027044,264.1984,263.3924,263.494,45636.00
12/11/2015,12:40:50 PM,0.573122,263.8308,0.034686,0.000467,1.949111,-3.947614,6.026993,263.6031,263.3883,263.4917,45650.00
12/11/2015,12:41:04 PM,0.573263,263.8246,0.034054,0.000465,1.949896,-3.947526,6.027031,262.7835,263.3868,263.4897,45664.00
12/11/2015,12:41:18 PM,0.573297,263.8207,0.03366,0.000463,1.953124,-3.948045,6.026943,261.5446,263.383,263.4858,45678.00
12/11/2015,12:41:32 PM,0.573352,263.8135,0.03395,0.000465,1.955504,-3.947981,6.026829,260.2257,263.3799,263.4833,45692.00
12/11/2015,12:41:46 PM,0.573082,263.8141,0.033979,0.000466,1.957036,-3.948108,6.027031,258.9024,263.3789,263.4817,45706.00
12/11/2015,12:42:00 PM,0.573214,263.8115,0.033948,0.000464,1.95853,-3.94764,6.026854,257.6488,263.3822,263.4828,45720.00
12/11/2015,12:42:14 PM,0.57273,263.8082,0.034023,0.000465,1.9601,-3.947817,6.026854,256.4865,263.3822,263.4815,45734.00
12/11/2015,12:42:28 PM,0.573158,263.8123,0.034521,0.000465,1.962227,-3.947475,6.027259,255.4104,263.3872,263.4853,45748.00
12/11/2015,12:42:42 PM,0.5731,263.8043,0.034337,0.000465,1.964139,-3.947741,6.026892,254.4338,263.3903,263.4884,45762.00
12/11/2015,12:42:56 PM,0.573126,263.8074,0.03382,0.000464,1.965228,-3.947551,6.026816,253.5936,263.3932,263.4915,45776.00
12/11/2015,12:43:10 PM,0.573416,263.8075,0.034092,0.000465,1.967342,-3.947665,6.026715,253.4568,263.3985,263.4961,45790.00
12/11/2015,12:43:24 PM,0.573467,263.8131,0.033986,0.000467,1.968722,-3.948045,6.026753,253.9641,263.4051,263.5001,45804.00
12/11/2015,12:43:38 PM,0.57339,263.8121,0.034352,0.000461,1.969659,-3.94764,6.026791,254.7056,263.4086,263.5031,45818.00
12/11/2015,12:43:52 PM,0.572866,263.818,0.033894,0.000461,1.970634,-3.947412,6.026829,255.5259,263.4136,263.5071,45832.00
12/11/2015,12:44:06 PM,0.573217,263.819,0.03457,0.000469,1.972444,-3.947386,6.026664,256.3353,263.4187,263.5114,45846.00
12/11/2015,12:44:20 PM,0.573154,263.818,0.034189,0.000466,1.973621,-3.947437,6.026664,257.1101,263.4209,263.5157,45860.00
12/11/2015,12:44:34 PM,0.57332,263.8207,0.034217,0.000462,1.975141,-3.947462,6.026651,257.8408,263.4212,263.5168,45874.00
12/11/2015,12:44:48 PM,0.572806,263.8181,0.034069,0.000465,1.977293,-3.94726,6.026702,258.5165,263.4204,263.5186,45888.00
12/11/2015,12:45:02 PM,0.573364,263.8173,0.033957,0.000462,1.979255,-3.947893,6.026639,259.1232,263.4176,263.5169,45902.00
12/11/2015,12:45:16 PM,0.572932,263.8104,0.034388,0.000463,1.981243,-3.947905,6.026651,259.6621,263.4125,263.5136,45916.00
12/11/2015,12:45:30 PM,0.573335,263.8082,0.034389,0.000466,1.982838,-3.947513,6.026677,260.1366,263.4115,263.5146,45930.00
12/11/2015,12:45:44 PM,0.573078,263.7987,0.034164,0.000466,1.984662,-3.947678,6.026626,260.5574,263.4097,263.5107,45944.00
12/11/2015,12:45:58 PM,0.573074,263.7958,0.034548,0.000467,1.987396,-3.947614,6.026626,260.9317,263.4046,263.5072,45958.00
12/11/2015,12:46:12 PM,0.573007,263.7851,0.034178,0.000465,1.989105,-3.948121,6.026702,261.2751,263.4022,263.5043,45972.00
12/11/2015,12:46:26 PM,0.572987,263.7815,0.034436,0.000467,1.992499,-3.94745,6.026613,261.5774,263.4,263.5018,45986.00
12/11/2015,12:46:40 PM,0.573072,263.774,0.034357,0.000466,1.993144,-3.947538,6.026854,261.8534,263.3941,263.5003,46000.00
12/11/2015,12:46:54 PM,0.573051,263.7729,0.034354,0.000465,1.994385,-3.947564,6.026563,262.0988,263.3941,263.4958,46014.00
12/11/2015,12:47:08 PM,0.573168,263.7732,0.034532,0.000464,1.995651,-3.947703,6.026588,262.3199,263.3912,263.4954,46028.00
12/11/2015,12:47:22 PM,0.57325,263.7713,0.034576,0.000466,1.997601,-3.947462,6.026588,262.5201,263.3908,263.4948,46042.00
12/11/2015,12:47:36 PM,0.573414,263.7691,0.034704,0.000467,2.000146,-3.947323,6.026525,262.6971,263.3897,263.4928,46056.00
12/11/2015,12:47:50 PM,0.573293,263.7746,0.034342,0.000464,2.001146,-3.947488,6.026626,262.8623,263.3925,263.4995,46070.00
12/11/2015,12:48:04 PM,0.573056,263.7716,0.033888,0.000464,2.004412,-3.947652,6.026525,263.0086,263.3934,263.5006,46084.00
12/11/2015,12:48:18 PM,0.572955,263.7804,0.033675,0.000461,2.00583,-3.947538,6.026563,263.1406,263.3937,263.5025,46098.00
12/11/2015,12:48:32 PM,0.572966,263.7789,0.033822,0.000461,2.008274,-3.947437,6.026499,263.2652,263.3986,263.506,46112.00
12/11/2015,12:48:46 PM,0.573189,263.7855,0.033813,0.00046,2.010325,-3.947627,6.026525,263.3782,263.4004,263.5102,46126.00
12/11/2015,12:49:00 PM,0.573335,263.7894,0.034058,0.000463,2.012338,-3.94769,6.026487,263.4845,263.4013,263.5119,46140.00
12/11/2015,12:49:14 PM,0.573385,263.7872,0.033795,0.000458,2.017541,-3.947804,6.026474,263.5811,263.4076,263.5151,46154.00
12/11/2015,12:49:28 PM,0.573215,263.7928,0.033017,0.000461,2.019136,-3.947792,6.026588,263.6698,263.4087,263.5174,46168.00
12/11/2015,12:49:42 PM,0.572979,263.7916,0.033891,0.000462,2.021922,-3.947538,6.026449,263.7539,263.4087,263.5192,46182.00
12/11/2015,12:49:56 PM,0.572935,263.7854,0.033475,0.00046,2.023985,-3.947716,6.026601,263.8287,263.4097,263.5174,46196.00
12/11/2015,12:50:10 PM,0.572982,263.7906,0.033344,0.000456,2.025593,-3.947741,6.026588,263.9006,263.4075,263.5159,46210.00
12/11/2015,12:50:24 PM,0.573167,263.7917,0.033657,0.000462,2.028252,-3.947602,6.026499,263.9627,263.4029,263.5129,46224.00
12/11/2015,12:50:38 PM,0.573158,263.7879,0.03371,0.000459,2.029227,-3.9475,6.02655,264.0224,263.4019,263.5111,46238.00
12/11/2015,12:50:52 PM,0.572968,263.7916,0.033289,0.000457,2.030354,-3.94764,6.026601,264.0776,263.4009,263.5072,46252.00
12/11/2015,12:51:06 PM,0.573036,263.7892,0.033735,0.000461,2.032341,-3.947285,6.026411,264.1301,263.3965,263.507,46266.00
12/11/2015,12:51:20 PM,0.572968,263.7889,0.033601,0.000458,2.034126,-3.947526,6.026677,264.177,263.3967,263.5027,46280.00
12/11/2015,12:51:34 PM,0.572808,263.7867,0.033719,0.000461,2.035519,-3.947247,6.02674,264.2218,263.3922,263.5016,46294.00
12/11/2015,12:51:48 PM,0.573081,263.7925,0.033986,0.000463,2.037038,-3.947564,6.026487,264.263,263.3914,263.4989,46308.00
12/11/2015,12:52:02 PM,0.573282,263.7896,0.033963,0.000457,2.039469,-3.947196,6.026664,264.3015,263.3911,263.4952,46322.00
12/11/2015,12:52:16 PM,0.573239,263.7889,0.03381,0.000459,2.041647,-3.947323,6.02631,264.3394,263.3911,263.4956,46336.00
12/11/2015,12:52:30 PM,0.573181,263.7869,0.033562,0.000461,2.042799,-3.94745,6.026385,264.3725,263.3897,263.4937,46350.00
12/11/2015,12:52:44 PM,0.572859,263.7859,0.033499,0.000457,2.044204,-3.9475,6.026474,264.4064,263.3901,263.4963,46364.00
12/11/2015,12:52:58 PM,0.57321,263.783,0.034064,0.00046,2.046686,-3.947513,6.026335,264.4368,263.3946,263.4971,46378.00
12/11/2015,12:53:12 PM,0.572765,263.7913,0.034151,0.000463,2.049673,-3.947386,6.026297,264.4724,263.3958,263.4976,46392.00
12/11/2015,12:53:26 PM,0.573138,263.7895,0.033987,0.000461,2.051142,-3.947272,6.02631,264.5006,263.398,263.4995,46406.00
12/11/2015,12:53:40 PM,0.572927,263.7884,0.033615,0.000461,2.052775,-3.947234,6.026474,264.5321,263.4028,263.5011,46420.00
12/11/2015,12:53:54 PM,0.573231,263.7953,0.033593,0.000457,2.054877,-3.947386,6.026259,264.5627,263.4012,263.5071,46434.00
12/11/2015,12:54:08 PM,0.572898,263.7963,0.033912,0.000459,2.05689,-3.947361,6.02636,264.5927,263.4062,263.5083,46448.00
12/11/2015,12:54:22 PM,0.573051,263.8001,0.033631,0.000456,2.058789,-3.947386,6.026284,264.6203,263.4089,263.5097,46462.00
12/11/2015,12:54:36 PM,0.572874,263.8051,0.033232,0.000454,2.059701,-3.947374,6.026892,264.6483,263.4077,263.5117,46476.00
12/11/2015,12:54:50 PM,0.573091,263.8107,0.032936,0.000458,2.060701,-3.947247,6.026196,264.6705,263.4102,263.5094,46490.00
12/11/2015,12:55:04 PM,0.573173,263.8163,0.032868,0.000454,2.061701,-3.947437,6.026196,264.6958,263.409,263.5124,46504.00
12/11/2015,12:55:18 PM,0.572936,263.8173,0.03269,0.000456,2.0626,-3.947348,6.026347,264.7163,263.4103,263.5113,46518.00
12/11/2015,12:55:32 PM,0.573117,263.8267,0.032898,0.000455,2.064841,-3.947184,6.026246,264.7398,263.408,263.5096,46532.00
12/11/2015,12:55:46 PM,0.573381,263.8226,0.032318,0.000454,2.06693,-3.947564,6.026208,264.7048,263.408,263.509,46546.00
12/11/2015,12:56:00 PM,0.572958,263.8217,0.032762,0.000453,2.06869,-3.947475,6.026322,264.0601,263.4051,263.507,46560.00
12/11/2015,12:56:14 PM,0.573046,263.8161,0.031763,0.000444,2.070386,-3.947158,6.026234,263.4656,263.4015,263.5035,46574.00
12/11/2015,12:56:28 PM,0.572759,263.8154,0.031917,0.000448,2.072513,-3.947412,6.026145,262.5893,263.4017,263.4974,46588.00
12/11/2015,12:56:42 PM,0.573017,263.8089,0.032272,0.000449,2.074513,-3.946943,6.026183,261.3373,263.3984,263.4966,46602.00
12/11/2015,12:56:56 PM,0.573248,263.8086,0.032735,0.000454,2.076615,-3.947108,6.026145,259.9417,263.3962,263.4943,46616.00
12/11/2015,12:57:10 PM,0.572911,263.8019,0.033208,0.000457,2.078527,-3.947272,6.026044,258.6074,263.3972,263.4941,46630.00
12/11/2015,12:57:24 PM,0.573108,263.7985,0.032415,0.000451,2.079502,-3.946943,6.026056,257.3039,263.3969,263.497,46644.00
12/11/2015,12:57:38 PM,0.57339,263.7942,0.033064,0.000452,2.08178,-3.94726,6.026056,256.1018,263.3962,263.4964,46658.00
12/11/2015,12:57:52 PM,0.573397,263.7926,0.033168,0.000451,2.084123,-3.947412,6.026082,255.0233,263.3993,263.4989,46672.00
12/11/2015,12:58:06 PM,0.572865,263.7921,0.033156,0.000453,2.086579,-3.947209,6.026044,254.0128,263.4007,263.4999,46686.00
12/11/2015,12:58:20 PM,0.573016,263.7923,0.033365,0.000451,2.089073,-3.947374,6.026221,253.1594,263.4028,263.5,46700.00
12/11/2015,12:58:34 PM,0.572885,263.7894,0.03264,0.000454,2.090364,-3.947348,6.026246,253.0621,263.4074,263.505,46714.00
12/11/2015,12:58:48 PM,0.572852,263.7904,0.032998,0.000456,2.092149,-3.947121,6.02617,253.5951,263.4087,263.5045,46728.00
12/11/2015,12:59:02 PM,0.573098,263.7942,0.03361,0.000459,2.094492,-3.947361,6.026069,254.378,263.4135,263.5088,46742.00
12/11/2015,12:59:16 PM,0.573226,263.7936,0.033608,0.000458,2.09615,-3.947412,6.026056,255.2169,263.4158,263.5121,46756.00
12/11/2015,12:59:30 PM,0.572953,263.7973,0.033696,0.000457,2.097366,-3.94726,6.026145,256.0672,263.4166,263.5116,46770.00
12/11/2015,12:59:44 PM,0.573148,263.7987,0.03353,0.000457,2.098809,-3.947424,6.026056,256.8695,263.4181,263.5114,46784.00
12/11/2015,12:59:58 PM,0.572937,263.7991,0.033161,0.000451,2.100379,-3.947184,6.026069,257.6246,263.4182,263.5131,46798.00
12/11/2015,1:00:12 PM,0.57326,263.8022,0.033024,0.000455,2.104152,-3.947222,6.026259,258.3254,263.4159,263.5132,46812.00
12/11/2015,1:00:26 PM,0.573116,263.7998,0.032021,0.000447,2.104734,-3.947361,6.026044,258.9373,263.4161,263.5139,46826.00
12/11/2015,1:00:40 PM,0.57322,263.8006,0.032629,0.000454,2.106988,-3.94731,6.026031,259.4777,263.4131,263.5112,46840.00
12/11/2015,1:00:54 PM,0.573208,263.7997,0.033131,0.000455,2.108937,-3.947095,6.025968,259.9617,263.4123,263.5128,46854.00
12/11/2015,1:01:08 PM,0.573254,263.8005,0.03293,0.000454,2.111533,-3.947209,6.02593,260.3944,263.4083,263.5091,46868.00
12/11/2015,1:01:22 PM,0.572913,263.8017,0.03299,0.000454,2.11404,-3.946931,6.026031,260.7837,263.408,263.5083,46882.00
12/11/2015,1:01:36 PM,0.572816,263.7988,0.032646,0.000451,2.115369,-3.947133,6.026132,261.134,263.4044,263.5085,46896.00
12/11/2015,1:01:50 PM,0.572896,263.7927,0.032702,0.000451,2.117205,-3.947083,6.025968,261.4482,263.403,263.5064,46910.00
12/11/2015,1:02:04 PM,0.573215,263.7934,0.03277,0.000454,2.118509,-3.947602,6.025867,261.7307,263.4019,263.505,46924.00
12/11/2015,1:02:18 PM,0.573181,263.7854,0.032724,0.000453,2.119661,-3.94707,6.026044,261.9839,263.4015,263.5057,46938.00
12/11/2015,1:02:32 PM,0.573094,263.7811,0.033021,0.000455,2.121243,-3.947158,6.025879,262.2103,263.4,263.5034,46952.00
12/11/2015,1:02:46 PM,0.573159,263.7824,0.032637,0.000454,2.122206,-3.947336,6.025904,262.4167,263.4032,263.5055,46966.00
12/11/2015,1:03:00 PM,0.573186,263.7764,0.03272,0.000454,2.124269,-3.946956,6.02593,262.6005,263.4033,263.5055,46980.00
12/11/2015,1:03:14 PM,0.573195,263.7748,0.032616,0.000456,2.126269,-3.947007,6.025955,262.7676,263.4029,263.5083,46994.00
12/11/2015,1:03:28 PM,0.573021,263.7709,0.032432,0.000453,2.12751,-3.947171,6.025942,262.9169,263.4029,263.5096,47008.00
12/11/2015,1:03:42 PM,0.573049,263.7725,0.032577,0.000451,2.128599,-3.946905,6.02598,263.0545,263.4049,263.5109,47022.00
12/11/2015,1:03:56 PM,0.573409,263.7676,0.032558,0.000452,2.129523,-3.947412,6.026044,263.1807,263.4045,263.513,47036.00
12/11/2015,1:04:10 PM,0.573011,263.765,0.033059,0.000458,2.131296,-3.947412,6.025867,263.2953,263.4061,263.5154,47050.00
12/11/2015,1:04:24 PM,0.57296,263.7671,0.033135,0.000452,2.132461,-3.947348,6.025841,263.4011,263.4076,263.5153,47064.00
12/11/2015,1:04:38 PM,0.573113,263.7709,0.033004,0.000451,2.13498,-3.947146,6.025867,263.4995,263.4059,263.5156,47078.00
12/11/2015,1:04:52 PM,0.572708,263.7662,0.032424,0.000451,2.137474,-3.947424,6.025955,263.5906,263.4046,263.5134,47092.00
12/11/2015,1:05:06 PM,0.573257,263.7719,0.03237,0.000451,2.13936,-3.947424,6.026018,263.6761,263.4059,263.5143,47106.00
12/11/2015,1:05:20 PM,0.573231,263.7695,0.031786,0.000448,2.141639,-3.947019,6.026234,263.7583,263.4029,263.5116,47120.00
12/11/2015,1:05:34 PM,0.573134,263.7716,0.031851,0.000452,2.143627,-3.947108,6.025867,263.8294,263.403,263.5123,47134.00
12/11/2015,1:05:48 PM,0.573006,263.7713,0.032202,0.000449,2.145298,-3.947222,6.025854,263.9014,263.4016,263.5083,47148.00
12/11/2015,1:06:02 PM,0.572818,263.7778,0.032243,0.00045,2.147045,-3.947158,6.02574,263.9643,263.4038,263.5077,47162.00
12/11/2015,1:06:17 PM,0.573212,263.7814,0.032279,0.00045,2.148539,-3.947083,6.025867,264.0247,263.4013,263.5043,47177.00
12/11/2015,1:06:31 PM,0.572977,263.7834,0.032657,0.000453,2.149489,-3.946918,6.025917,264.0815,263.4013,263.5011,47191.00
12/11/2015,1:06:45 PM,0.572854,263.7841,0.033107,0.000451,2.151135,-3.94707,6.025854,264.1306,263.3999,263.5004,47205.00
12/11/2015,1:06:59 PM,0.572988,263.7907,0.032589,0.000451,2.152869,-3.946677,6.025829,264.1763,263.3989,263.4976,47219.00
12/11/2015,1:07:13 PM,0.573158,263.7858,0.0329,0.000452,2.15468,-3.947007,6.025765,264.219,263.397,263.4949,47233.00
12/11/2015,1:07:27 PM,0.573064,263.7849,0.032699,0.000451,2.156287,-3.947209,6.025829,264.2554,263.3947,263.4922,47247.00
12/11/2015,1:07:41 PM,0.573486,263.7886,0.032665,0.000455,2.159073,-3.947057,6.025892,264.2955,263.3957,263.4918,47261.00
12/11/2015,1:07:55 PM,0.573416,263.7826,0.033041,0.000454,2.16139,-3.947121,6.025841,264.3282,263.3947,263.4913,47275.00
12/11/2015,1:08:09 PM,0.573117,263.7838,0.032855,0.000454,2.166429,-3.947095,6.025778,264.3632,263.3956,263.4901,47289.00
12/11/2015,1:08:23 PM,0.57324,263.7808,0.033151,0.000457,2.168999,-3.947196,6.025715,264.3964,263.3968,263.4948,47303.00
12/11/2015,1:08:37 PM,0.573331,263.7792,0.033055,0.000459,2.170695,-3.946893,6.025715,264.4257,263.3961,263.494,47317.00
12/11/2015,1:08:51 PM,0.57333,263.7763,0.032925,0.000454,2.172392,-3.947234,6.025803,264.4565,263.3986,263.4965,47331.00
12/11/2015,1:09:05 PM,0.573048,263.7773,0.03268,0.000453,2.175228,-3.947007,6.025778,264.4857,263.3987,263.4989,47345.00
12/11/2015,1:09:19 PM,0.573418,263.7795,0.032121,0.00045,2.177253,-3.946791,6.025689,264.5148,263.4034,263.5036,47359.00
12/11/2015,1:09:33 PM,0.573315,263.7764,0.032137,0.000448,2.179038,-3.947007,6.025664,264.5409,263.4029,263.5038,47373.00
12/11/2015,1:09:47 PM,0.573264,263.7852,0.031895,0.00045,2.181279,-3.94707,6.025702,264.566,263.4047,263.5064,47387.00
12/11/2015,1:10:01 PM,0.573041,263.784,0.032235,0.000449,2.182419,-3.947095,6.025702,264.5932,263.4076,263.5087,47401.00
12/11/2015,1:10:15 PM,0.573129,263.7855,0.031745,0.000447,2.183305,-3.946715,6.025677,264.6148,263.4068,263.5074,47415.00
12/11/2015,1:10:29 PM,0.572745,263.7924,0.03169,0.000447,2.183508,-3.946943,6.025575,264.6364,263.4058,263.5081,47429.00
12/11/2015,1:10:43 PM,0.573495,263.7972,0.032071,0.000447,2.184419,-3.947158,6.025639,264.659,263.4076,263.5077,47443.00
12/11/2015,1:10:57 PM,0.572997,263.7977,0.032076,0.000448,2.186825,-3.94688,6.02555,264.6783,263.4066,263.5073,47457.00
12/11/2015,1:11:11 PM,0.572978,263.8055,0.032365,0.00045,2.1888,-3.947057,6.025841,264.6977,263.4088,263.5078,47471.00
12/11/2015,1:11:25 PM,0.573277,263.809,0.032372,0.000453,2.19099,-3.946893,6.025626,264.7198,263.4067,263.5059,47485.00
12/11/2015,1:11:39 PM,0.572966,263.8133,0.032508,0.000451,2.194016,-3.946665,6.025575,264.7366,263.4103,263.5062,47499.00
12/11/2015,1:11:53 PM,0.573178,263.8087,0.032514,0.000453,2.196219,-3.947095,6.025563,264.7539,263.4065,263.5036,47513.00
12/11/2015,1:12:07 PM,0.57336,263.8197,0.032762,0.000454,2.198181,-3.946956,6.025917,264.7692,263.4074,263.5033,47527.00
12/11/2015,1:12:21 PM,0.573036,263.8149,0.032499,0.00045,2.200612,-3.947007,6.025575,264.789,263.4073,263.5013,47541.00
12/11/2015,1:12:35 PM,0.572766,263.8203,0.032223,0.000449,2.202144,-3.946855,6.02593,264.8062,263.4075,263.5002,47555.00
12/11/2015,1:12:49 PM,0.573138,263.8266,0.032167,0.000447,2.203334,-3.946703,6.025537,264.8205,263.4058,263.4982,47569.00
12/11/2015,1:13:03 PM,0.573293,263.8264,0.032297,0.000447,2.205499,-3.946905,6.025677,264.836,263.4054,263.4976,47583.00
12/11/2015,1:13:17 PM,0.573129,263.8208,0.03259,0.00045,2.207196,-3.946804,6.025512,264.8496,263.4035,263.4952,47597.00
12/11/2015,1:13:31 PM,0.572998,263.8267,0.032457,0.000449,2.209146,-3.946943,6.02555,264.865,263.4035,263.4955,47611.00
12/11/2015,1:13:45 PM,0.572994,263.8208,0.03223,0.000447,2.211133,-3.947007,6.025537,264.8272,263.3971,263.4935,47625.00
12/11/2015,1:13:59 PM,0.573537,263.8208,0.031694,0.000445,2.213184,-3.946943,6.02574,264.1564,263.401,263.4933,47639.00
12/11/2015,1:14:13 PM,0.573352,263.8154,0.032176,0.000448,2.215412,-3.946677,6.025588,263.5279,263.3999,263.4942,47653.00
12/11/2015,1:14:27 PM,0.573151,263.8131,0.03201,0.000451,2.217261,-3.946842,6.025499,262.6906,263.4007,263.4966,47667.00
12/11/2015,1:14:41 PM,0.573339,263.8095,0.032393,0.000452,2.219337,-3.946842,6.025449,261.3577,263.4024,263.4969,47681.00
12/11/2015,1:14:55 PM,0.573027,263.8059,0.031937,0.000446,2.221692,-3.94669,6.025461,259.9896,263.4038,263.5009,47695.00
12/11/2015,1:15:09 PM,0.573112,263.8052,0.032009,0.000448,2.223427,-3.947171,6.025487,258.6092,263.4043,263.5025,47709.00
12/11/2015,1:15:23 PM,0.573241,263.7986,0.032016,0.000448,2.225832,-3.947133,6.025449,257.3223,263.4069,263.5047,47723.00
12/11/2015,1:15:37 PM,0.572982,263.7909,0.032026,0.000449,2.227643,-3.94707,6.025474,256.1152,263.4111,263.5071,47737.00
12/11/2015,1:15:51 PM,0.572865,263.7937,0.031707,0.000441,2.229238,-3.947209,6.025423,254.979,263.4152,263.5092,47751.00
12/11/2015,1:16:05 PM,0.57313,263.785,0.030808,0.000446,2.230314,-3.947007,6.025753,253.9934,263.415,263.5108,47765.00
12/11/2015,1:16:19 PM,0.573226,263.7884,0.031453,0.000442,2.232137,-3.946855,6.025423,253.1104,263.4213,263.5113,47779.00
12/11/2015,1:16:33 PM,0.573509,263.7859,0.030941,0.000441,2.232618,-3.946829,6.025436,253.0147,263.4189,263.513,47793.00
12/11/2015,1:16:47 PM,0.573192,263.7887,0.031304,0.000447,2.234365,-3.946817,6.025803,253.5903,263.4223,263.5136,47807.00
12/11/2015,1:17:01 PM,0.573016,263.7921,0.031756,0.000447,2.236074,-3.946665,6.025423,254.3496,263.4228,263.5133,47821.00
12/11/2015,1:17:15 PM,0.572969,263.7921,0.031349,0.00045,2.237049,-3.946715,6.025512,255.196,263.4234,263.5169,47835.00
12/11/2015,1:17:29 PM,0.573064,263.7932,0.031686,0.000449,2.239746,-3.946994,6.025423,256.0361,263.4217,263.5174,47849.00
12/11/2015,1:17:43 PM,0.573067,263.7965,0.031539,0.000447,2.240734,-3.94688,6.025841,256.8555,263.4243,263.5176,47863.00
12/11/2015,1:17:57 PM,0.573301,263.7978,0.031029,0.000443,2.243595,-3.947045,6.025398,257.6149,263.4226,263.52,47877.00
12/11/2015,1:18:11 PM,0.573086,263.7968,0.031334,0.000445,2.245456,-3.946538,6.025347,258.2981,263.4237,263.5187,47891.00
12/11/2015,1:18:25 PM,0.573134,263.8021,0.031696,0.000441,2.246456,-3.946741,6.025373,258.9377,263.4235,263.5225,47905.00
12/11/2015,1:18:39 PM,0.573205,263.7999,0.03119,0.000448,2.247785,-3.946817,6.025309,259.4901,263.4229,263.5225,47919.00
12/11/2015,1:18:53 PM,0.572768,263.7909,0.031048,0.000446,2.248874,-3.946817,6.025335,259.9801,263.4175,263.5211,47933.00
12/11/2015,1:19:07 PM,0.573515,263.7935,0.031279,0.000442,2.250279,-3.946931,6.025461,260.4153,263.4186,263.5204,47947.00
12/11/2015,1:19:21 PM,0.572958,263.782,0.031028,0.000446,2.251432,-3.94688,6.025271,260.8087,263.4162,263.516,47961.00
12/11/2015,1:19:35 PM,0.572965,263.7786,0.031035,0.000443,2.252685,-3.947057,6.025525,261.1611,263.4173,263.5189,47975.00
12/11/2015,1:19:49 PM,0.573245,263.7744,0.031398,0.000442,2.254989,-3.946652,6.025689,261.4769,263.4138,263.5173,47989.00
12/11/2015,1:20:03 PM,0.572911,263.7751,0.031713,0.000447,2.257167,-3.946956,6.025347,261.7601,263.4163,263.5176,48003.00
12/11/2015,1:20:17 PM,0.572959,263.772,0.031148,0.000439,2.258522,-3.946589,6.025335,262.0181,263.4159,263.5196,48017.00
12/11/2015,1:20:31 PM,0.5732,263.7727,0.03057,0.000444,2.259294,-3.946804,6.025297,262.2457,263.4189,263.5209,48031.00
12/11/2015,1:20:45 PM,0.57314,263.7652,0.030976,0.000445,2.260686,-3.946931,6.025284,262.4523,263.4211,263.526,48045.00
12/11/2015,1:20:59 PM,0.573178,263.7704,0.030868,0.000447,2.263105,-3.946804,6.025208,262.6424,263.4219,263.5268,48059.00
12/11/2015,1:21:13 PM,0.573225,263.7668,0.031469,0.000443,2.26651,-3.946779,6.025195,262.8107,263.4234,263.531,48073.00
12/11/2015,1:21:27 PM,0.573153,263.7695,0.031255,0.000447,2.267928,-3.946576,6.025233,262.9645,263.427,263.5305,48087.00
12/11/2015,1:21:41 PM,0.573488,263.7719,0.03123,0.000448,2.269296,-3.946487,6.025297,263.1081,263.4314,263.5338,48101.00
12/11/2015,1:21:55 PM,0.573511,263.7663,0.03187,0.000448,2.271321,-3.946956,6.025195,263.2353,263.4333,263.538,48115.00
12/11/2015,1:22:09 PM,0.573319,263.7689,0.031722,0.000446,2.272195,-3.946475,6.025373,263.3525,263.434,263.5387,48129.00
12/11/2015,1:22:23 PM,0.573125,263.7723,0.032147,0.000448,2.273714,-3.946563,6.025157,263.4599,263.4328,263.537,48143.00
12/11/2015,1:22:37 PM,0.57357,263.7753,0.031924,0.00045,2.275752,-3.946576,6.025221,263.5631,263.4335,263.5376,48157.00
12/11/2015,1:22:51 PM,0.573426,263.7764,0.032198,0.000448,2.278133,-3.947095,6.025183,263.6545,263.434,263.5359,48171.00
12/11/2015,1:23:05 PM,0.573102,263.7783,0.031928,0.000453,2.280032,-3.946855,6.025132,263.7397,263.4337,263.5351,48185.00
12/11/2015,1:23:19 PM,0.573246,263.78,0.032146,0.000453,2.282184,-3.946741,6.025195,263.8252,263.4323,263.5332,48199.00
12/11/2015,1:23:33 PM,0.573458,263.7852,0.032249,0.00045,2.284387,-3.946804,6.025208,263.8975,263.4318,263.5328,48213.00
12/11/2015,1:23:47 PM,0.573208,263.7843,0.031747,0.000445,2.285855,-3.946538,6.025183,263.9643,263.43,263.5298,48227.00
12/11/2015,1:24:01 PM,0.573316,263.7899,0.031769,0.000449,2.288096,-3.946487,6.025132,264.031,263.4285,263.5273,48241.00
12/11/2015,1:24:15 PM,0.573411,263.788,0.031411,0.000448,2.2894,-3.946589,6.025145,264.0876,263.4269,263.5262,48255.00
12/11/2015,1:24:29 PM,0.57305,263.7892,0.032002,0.000447,2.291895,-3.946475,6.025107,264.145,263.4253,263.5239,48269.00
12/11/2015,1:24:43 PM,0.573178,263.7917,0.032236,0.000448,2.294591,-3.947007,6.025119,264.1975,263.4232,263.5197,48283.00
12/11/2015,1:24:57 PM,0.572986,263.7883,0.032283,0.000449,2.29663,-3.946804,6.025094,264.2465,263.4239,263.5207,48297.00
12/11/2015,1:25:11 PM,0.573272,263.7867,0.031815,0.000447,2.298073,-3.946715,6.025145,264.2921,263.4213,263.5168,48311.00
12/11/2015,1:25:25 PM,0.573316,263.7839,0.032354,0.00045,2.301035,-3.946665,6.025119,264.3295,263.4211,263.5143,48325.00
12/11/2015,1:25:39 PM,0.573216,263.7847,0.032179,0.000445,2.303593,-3.946855,6.025195,264.3719,263.4221,263.5155,48339.00
12/11/2015,1:25:53 PM,0.573032,263.7789,0.032115,0.000449,2.306188,-3.946728,6.025664,264.4077,263.4221,263.5138,48353.00
12/11/2015,1:26:07 PM,0.573202,263.776,0.031844,0.000444,2.307201,-3.946652,6.025069,264.4434,263.425,263.5163,48367.00
12/11/2015,1:26:21 PM,0.573136,263.7808,0.031551,0.000446,2.308759,-3.946487,6.025208,264.4771,263.425,263.5199,48381.00
12/11/2015,1:26:35 PM,0.573187,263.7765,0.031881,0.000448,2.311683,-3.946551,6.025031,264.5102,263.4266,263.5209,48395.00
12/11/2015,1:26:49 PM,0.573265,263.7808,0.031926,0.000449,2.314076,-3.946627,6.025005,264.538,263.4278,263.5256,48409.00
12/11/2015,1:27:03 PM,0.572977,263.7851,0.031734,0.000447,2.316532,-3.946525,6.025056,264.5674,263.4295,263.525,48423.00
12/11/2015,1:27:17 PM,0.573651,263.7883,0.032188,0.000447,2.318494,-3.946639,6.025005,264.5944,263.4301,263.5301,48437.00
12/11/2015,1:27:31 PM,0.573459,263.7891,0.032003,0.00045,2.320153,-3.946551,6.024993,264.6202,263.4308,263.5309,48451.00
12/11/2015,1:27:45 PM,0.573428,263.7934,0.032178,0.00045,2.322077,-3.946817,6.025031,264.6462,263.4311,263.5333,48465.00
12/11/2015,1:27:59 PM,0.57305,263.7998,0.032235,0.000449,2.323242,-3.946057,6.025107,264.6712,263.433,263.5368,48479.00
12/11/2015,1:28:13 PM,0.573234,263.8008,0.031646,0.000445,2.32409,-3.946234,6.02498,264.6941,263.4312,263.5327,48493.00
12/11/2015,1:28:27 PM,0.573295,263.8061,0.031215,0.000443,2.325369,-3.946209,6.02498,264.7197,263.4326,263.5347,48507.00
12/11/2015,1:28:41 PM,0.573568,263.8124,0.031524,0.000449,2.328091,-3.946525,6.024942,264.7407,263.432,263.5323,48521.00
12/11/2015,1:28:55 PM,0.573488,263.819,0.032311,0.000447,2.332801,-3.946475,6.025018,264.7636,263.433,263.5337,48535.00
12/11/2015,1:29:09 PM,0.573605,263.8184,0.031417,0.000445,2.336004,-3.946677,6.025018,264.7256,263.4331,263.5326,48549.00
12/11/2015,1:29:23 PM,0.573606,263.822,0.031227,0.000442,2.337586,-3.946386,6.025005,264.035,263.4332,263.5315,48563.00
12/11/2015,1:29:37 PM,0.573306,263.8249,0.031055,0.000443,2.340397,-3.946462,6.024968,263.4233,263.4327,263.5304,48577.00
12/11/2015,1:29:51 PM,0.573282,263.8207,0.031184,0.000435,2.343879,-3.946399,6.02498,262.5318,263.433,263.53,48591.00
12/11/2015,1:30:05 PM,0.57333,263.8209,0.03031,0.000442,2.34417,-3.946462,6.024917,261.2039,263.4345,263.5272,48605.00
12/11/2015,1:30:19 PM,0.573277,263.826,0.030145,0.000439,2.345765,-3.946361,6.024917,259.7913,263.4332,263.5294,48619.00
12/11/2015,1:30:33 PM,0.573069,263.8176,0.030389,0.000444,2.347297,-3.946361,6.025157,258.3816,263.4312,263.5251,48633.00
12/11/2015,1:30:47 PM,0.573449,263.8195,0.030806,0.000443,2.34931,-3.946449,6.02517,257.093,263.4305,263.5257,48647.00
12/11/2015,1:31:01 PM,0.573279,263.8083,0.030819,0.00044,2.350487,-3.946487,6.025005,255.8629,263.4281,263.5265,48661.00
12/11/2015,1:31:15 PM,0.57339,263.811,0.030558,0.000441,2.351817,-3.946348,6.024879,254.743,263.4296,263.5262,48675.00
12/11/2015,1:31:29 PM,0.573391,263.8001,0.030609,0.000445,2.352906,-3.946753,6.024917,253.7364,263.427,263.5272,48689.00
12/11/2015,1:31:43 PM,0.573533,263.7962,0.030969,0.000443,2.353589,-3.946627,6.02498,252.8813,263.4309,263.5315,48703.00
12/11/2015,1:31:57 PM,0.573842,263.789,0.031113,0.000448,2.3554,-3.946449,6.025043,252.8233,263.4315,263.5334,48717.00
12/11/2015,1:32:11 PM,0.57361,263.788,0.03139,0.000447,2.357463,-3.946411,6.025221,253.416,263.4342,263.5395,48731.00
12/11/2015,1:32:25 PM,0.573525,263.7898,0.031517,0.000447,2.360591,-3.946601,6.024955,254.2182,263.4373,263.5403,48745.00
12/11/2015,1:32:39 PM,0.573495,263.7916,0.031026,0.000446,2.362718,-3.946791,6.024841,255.0871,263.4389,263.5445,48759.00
12/11/2015,1:32:53 PM,0.573264,263.7931,0.031406,0.000446,2.364705,-3.946513,6.024904,255.9525,263.44,263.5451,48773.00
12/11/2015,1:33:07 PM,0.5731,263.791,0.030864,0.000446,2.366186,-3.9465,6.02493,256.807,263.4445,263.5484,48787.00
12/11/2015,1:33:21 PM,0.57338,263.7893,0.031708,0.000449,2.368187,-3.946513,6.024955,257.5706,263.4448,263.5501,48801.00
12/11/2015,1:33:35 PM,0.573496,263.7886,0.031783,0.000451,2.369238,-3.94669,6.025018,258.253,263.4462,263.5501,48815.00
12/11/2015,1:33:49 PM,0.573198,263.7843,0.031991,0.000448,2.370972,-3.946487,6.024866,258.8658,263.4442,263.5495,48829.00
12/11/2015,1:34:03 PM,0.573325,263.7884,0.031093,0.000443,2.372403,-3.946133,6.024816,259.4138,263.4426,263.5484,48843.00
12/11/2015,1:34:17 PM,0.573497,263.7833,0.031419,0.000445,2.374948,-3.94588,6.024828,259.9074,263.4434,263.5453,48857.00
12/11/2015,1:34:31 PM,0.573453,263.7842,0.031613,0.000446,2.377264,-3.946032,6.024803,260.3505,263.4428,263.5447,48871.00
12/11/2015,1:34:45 PM,0.573252,263.7868,0.031757,0.000448,2.37986,-3.946576,6.024955,260.7476,263.4423,263.5428,48885.00
12/11/2015,1:34:59 PM,0.573545,263.7801,0.031784,0.000449,2.382177,-3.946475,6.02479,261.1065,263.4436,263.542,48899.00
12/11/2015,1:35:13 PM,0.573326,263.7841,0.032208,0.000449,2.384506,-3.946551,6.024828,261.4259,263.4427,263.5407,48913.00
12/11/2015,1:35:27 PM,0.573428,263.7789,0.031434,0.000449,2.386456,-3.946525,6.024752,261.7183,263.4431,263.5406,48927.00
12/11/2015,1:35:41 PM,0.573547,263.7829,0.031162,0.000448,2.387393,-3.946462,6.024778,261.9768,263.4446,263.5399,48941.00
12/11/2015,1:35:55 PM,0.573561,263.7866,0.031495,0.000449,2.388444,-3.946298,6.024816,262.2115,263.4448,263.5386,48955.00
12/11/2015,1:36:09 PM,0.573231,263.7849,0.03123,0.000446,2.390077,-3.946361,6.024854,262.4209,263.4455,263.539,48969.00
12/11/2015,1:36:23 PM,0.572988,263.7857,0.031358,0.000446,2.391913,-3.946146,6.024892,262.6095,263.444,263.537,48983.00
12/11/2015,1:36:37 PM,0.573187,263.7856,0.031195,0.000447,2.393837,-3.946437,6.02474,262.7795,263.4447,263.5356,48997.00
12/11/2015,1:36:51 PM,0.573255,263.7838,0.031158,0.000442,2.396622,-3.946538,6.024841,262.9327,263.4433,263.5361,49011.00
12/11/2015,1:37:05 PM,0.573364,263.7852,0.031516,0.000447,2.399218,-3.946424,6.02474,263.0746,263.4363,263.5343,49025.00
12/11/2015,1:37:19 PM,0.573196,263.7822,0.031907,0.000446,2.400876,-3.946373,6.024676,263.2013,263.4375,263.5358,49039.00
12/11/2015,1:37:33 PM,0.573203,263.7756,0.031532,0.000447,2.402509,-3.946437,6.024651,263.3177,263.4301,263.5315,49053.00
12/11/2015,1:37:47 PM,0.573298,263.7719,0.031957,0.000448,2.405029,-3.946449,6.024664,263.4226,263.4323,263.5335,49067.00
12/11/2015,1:38:01 PM,0.573111,263.7699,0.031544,0.000445,2.407017,-3.94607,6.024752,263.5201,263.4271,263.5317,49081.00
12/11/2015,1:38:15 PM,0.573311,263.7705,0.031237,0.000444,2.40827,-3.946171,6.024676,263.6117,263.4299,263.5329,49095.00
12/11/2015,1:38:29 PM,0.573216,263.7717,0.031057,0.000444,2.410498,-3.946234,6.024955,263.6943,263.4315,263.5342,49109.00
12/11/2015,1:38:43 PM,0.573395,263.769,0.031075,0.000448,2.413081,-3.94593,6.024841,263.7714,263.4297,263.5334,49123.00
12/11/2015,1:38:57 PM,0.5734,263.7671,0.031361,0.000445,2.414955,-3.945981,6.024917,263.8435,263.4334,263.5363,49137.00
12/11/2015,1:39:11 PM,0.573469,263.7638,0.031365,0.000447,2.417968,-3.946082,6.024778,263.9096,263.4339,263.5349,49151.00
12/11/2015,1:39:25 PM,0.573592,263.7639,0.031689,0.000447,2.420386,-3.946386,6.024702,263.9729,263.4346,263.5386,49165.00
12/11/2015,1:39:39 PM,0.573405,263.7619,0.031578,0.000444,2.422538,-3.946323,6.024752,264.0306,263.4392,263.5393,49179.00
12/11/2015,1:39:53 PM,0.573238,263.7625,0.031572,0.000442,2.425058,-3.946766,6.024676,264.0871,263.4396,263.5389,49193.00
12/11/2015,1:40:07 PM,0.57343,263.7617,0.031568,0.000445,2.427134,-3.946272,6.024651,264.134,263.4428,263.5403,49207.00
12/11/2015,1:40:21 PM,0.573306,263.7627,0.030806,0.000437,2.430249,-3.946285,6.024727,264.1818,263.4379,263.5398,49221.00
12/11/2015,1:40:35 PM,0.573098,263.7639,0.030562,0.000443,2.432186,-3.946449,6.024702,264.2298,263.4409,263.5396,49235.00
12/11/2015,1:40:49 PM,0.573225,263.7631,0.030962,0.000446,2.433464,-3.946095,6.024702,264.2695,263.439,263.5408,49249.00
12/11/2015,1:41:03 PM,0.573198,263.7647,0.030722,0.000441,2.435098,-3.946146,6.024803,264.3133,263.4368,263.5392,49263.00
12/11/2015,1:41:17 PM,0.57335,263.7665,0.03063,0.000438,2.436351,-3.946513,6.024904,264.3522,263.4387,263.5393,49277.00
12/11/2015,1:41:31 PM,0.573511,263.7727,0.030525,0.000442,2.438174,-3.946234,6.024664,264.3894,263.4385,263.5409,49291.00
12/11/2015,1:41:45 PM,0.573419,263.778,0.031373,0.000444,2.439466,-3.946399,6.024664,264.4252,263.437,263.5409,49305.00
12/11/2015,1:41:59 PM,0.573525,263.7763,0.031243,0.000443,2.441124,-3.94626,6.024613,264.4589,263.4392,263.5407,49319.00
12/11/2015,1:42:13 PM,0.573336,263.7872,0.031405,0.000444,2.442188,-3.946323,6.024689,264.4903,263.4379,263.5412,49333.00
12/11/2015,1:42:27 PM,0.573647,263.7872,0.031335,0.000446,2.444061,-3.946285,6.0246,264.5213,263.4401,263.5391,49347.00
12/11/2015,1:42:41 PM,0.573656,263.7943,0.030817,0.000438,2.445416,-3.946272,6.024778,264.5482,263.4379,263.5398,49361.00
12/11/2015,1:42:55 PM,0.573516,263.8001,0.03074,0.000444,2.447277,-3.946108,6.024676,264.5756,263.4414,263.5379,49375.00
12/11/2015,1:43:09 PM,0.57345,263.801,0.031129,0.000447,2.449088,-3.946411,6.024575,264.5984,263.438,263.5369,49389.00
12/11/2015,1:43:23 PM,0.573257,263.7992,0.030613,0.000438,2.453886,-3.946513,6.024562,264.6201,263.4368,263.534,49403.00
12/11/2015,1:43:37 PM,0.573694,263.7966,0.029823,0.000442,2.454785,-3.946196,6.024562,264.6398,263.4363,263.5314,49417.00
12/11/2015,1:43:51 PM,0.573718,263.8035,0.030609,0.00044,2.456633,-3.946032,6.024638,264.6571,263.4376,263.5299,49431.00
12/11/2015,1:44:05 PM,0.57354,263.7967,0.03054,0.000438,2.458203,-3.946272,6.024575,264.673,263.4319,263.5265,49445.00
12/11/2015,1:44:19 PM,0.573703,263.7992,0.03038,0.000442,2.459938,-3.946171,6.02455,264.6908,263.4333,263.5247,49459.00
12/11/2015,1:44:33 PM,0.573405,263.7951,0.030507,0.000442,2.461026,-3.946373,6.024613,264.7065,263.4278,263.5237,49473.00
12/11/2015,1:44:47 PM,0.573539,263.7966,0.030547,0.000442,2.462153,-3.94626,6.024626,264.7225,263.4289,263.5234,49487.00
12/11/2015,1:45:01 PM,0.573388,263.7904,0.030272,0.000442,2.464179,-3.946551,6.024613,264.7367,263.4245,263.5221,49501.00
12/11/2015,1:45:15 PM,0.573464,263.7911,0.030709,0.000445,2.467268,-3.946475,6.024765,264.752,263.4257,263.519,49515.00
12/11/2015,1:45:29 PM,0.573741,263.7858,0.030325,0.00044,2.468091,-3.946449,6.024803,264.7636,263.4216,263.5172,49529.00
12/11/2015,1:45:43 PM,0.573369,263.7865,0.03082,0.000445,2.470306,-3.946475,6.0246,264.7806,263.421,263.5164,49543.00
12/11/2015,1:45:57 PM,0.573367,263.783,0.031057,0.000444,2.471725,-3.946272,6.024562,264.7952,263.4223,263.5176,49557.00
12/11/2015,1:46:11 PM,0.573567,263.7867,0.030694,0.000446,2.473801,-3.946373,6.024676,264.8104,263.4232,263.5172,49571.00
12/11/2015,1:46:25 PM,0.573353,263.7829,0.030744,0.000443,2.475535,-3.946184,6.024588,264.8227,263.4233,263.5182,49585.00
12/11/2015,1:46:39 PM,0.573333,263.782,0.030994,0.000448,2.477941,-3.946171,6.024626,264.8426,263.4267,263.5205,49599.00
12/11/2015,1:46:53 PM,0.573324,263.7873,0.031037,0.000443,2.479637,-3.945994,6.024676,264.8571,263.4285,263.524,49613.00
12/11/2015,1:47:07 PM,0.573692,263.7918,0.031069,0.000447,2.480789,-3.94631,6.024626,264.8731,263.4321,263.5274,49627.00
12/11/2015,1:47:21 PM,0.57339,263.7966,0.031236,0.000446,2.482575,-3.946158,6.024537,264.889,263.4351,263.5304,49641.00
12/11/2015,1:47:35 PM,0.573146,263.7991,0.031249,0.000446,2.484043,-3.946234,6.024436,264.9068,263.4391,263.5335,49655.00
12/11/2015,1:47:49 PM,0.573809,263.8012,0.030355,0.000442,2.484765,-3.946171,6.024474,264.9206,263.4409,263.5368,49669.00
12/11/2015,1:48:03 PM,0.573154,263.8102,0.030726,0.000445,2.486677,-3.94626,6.024411,264.9383,263.4462,263.5408,49683.00
12/11/2015,1:48:17 PM,0.573496,263.8136,0.031337,0.000448,2.489588,-3.94631,6.024512,264.9528,263.4488,263.5451,49697.00
12/11/2015,1:48:31 PM,0.573646,263.8207,0.031488,0.000451,2.492133,-3.946133,6.024385,264.9684,263.4507,263.5467,49711.00
12/11/2015,1:48:45 PM,0.573468,263.8291,0.031224,0.000446,2.495526,-3.946272,6.024638,264.9788,263.4513,263.5457,49725.00
12/11/2015,1:48:59 PM,0.57359,263.8274,0.031193,0.000446,2.497982,-3.946285,6.024537,264.9961,263.4529,263.5486,49739.00
12/11/2015,1:49:13 PM,0.573518,263.8386,0.03104,0.000447,2.500021,-3.946133,6.024385,265.0085,263.4528,263.5476,49753.00
12/11/2015,1:49:27 PM,0.57362,263.8388,0.030833,0.000447,2.501046,-3.946234,6.024537,265.0208,263.4548,263.5489,49767.00
12/11/2015,1:49:42 PM,0.573595,263.8429,0.031131,0.000444,2.502224,-3.946222,6.024461,264.9769,263.4563,263.5476,49782.00
12/11/2015,1:49:56 PM,0.573288,263.8398,0.030546,0.000442,2.503325,-3.946057,6.024385,264.3235,263.4555,263.5488,49796.00
12/11/2015,1:50:10 PM,0.573521,263.8384,0.030601,0.000447,2.505351,-3.94612,6.024335,263.7018,263.4541,263.5495,49810.00
12/11/2015,1:50:24 PM,0.573461,263.8396,0.030135,0.000439,2.507782,-3.94612,6.024423,262.8344,263.4544,263.5492,49824.00
12/11/2015,1:50:38 PM,0.573534,263.8388,0.02974,0.000442,2.508478,-3.946234,6.024347,261.5137,263.4539,263.5512,49838.00
12/11/2015,1:50:52 PM,0.57372,263.84,0.029711,0.000439,2.510276,-3.946146,6.024373,260.1711,263.4561,263.5496,49852.00
12/11/2015,1:51:06 PM,0.573138,263.8401,0.030545,0.000445,2.512428,-3.946057,6.024347,258.7594,263.4553,263.5501,49866.00
12/11/2015,1:51:20 PM,0.573467,263.8348,0.030275,0.000444,2.514656,-3.946133,6.024347,257.4647,263.4548,263.5503,49880.00
12/11/2015,1:51:34 PM,0.573434,263.8318,0.030934,0.000443,2.516517,-3.945994,6.024335,256.2623,263.4525,263.5495,49894.00
12/11/2015,1:51:48 PM,0.573682,263.8279,0.030727,0.000446,2.518088,-3.946209,6.024335,255.1262,263.452,263.5496,49908.00
12/11/2015,1:52:02 PM,0.57376,263.8276,0.031063,0.000443,2.519734,-3.945905,6.024385,254.1176,263.4519,263.5485,49922.00
12/11/2015,1:52:16 PM,0.573523,263.8278,0.030725,0.000442,2.521227,-3.946133,6.024411,253.2363,263.4502,263.55,49936.00
12/11/2015,1:52:30 PM,0.573737,263.8243,0.030587,0.000443,2.522569,-3.94626,6.024322,253.1151,263.4499,263.55,49950.00
12/11/2015,1:52:44 PM,0.573757,263.8246,0.031079,0.000446,2.523861,-3.94607,6.024322,253.6525,263.4497,263.5497,49964.00
12/11/2015,1:52:58 PM,0.573875,263.8159,0.031021,0.000443,2.524924,-3.946057,6.024436,254.4235,263.4529,263.5504,49978.00
12/11/2015,1:53:12 PM,0.57364,263.8175,0.031321,0.000447,2.528064,-3.946272,6.024322,255.293,263.4528,263.5481,49992.00
12/11/2015,1:53:26 PM,0.573567,263.8152,0.031108,0.000445,2.530558,-3.946373,6.024246,256.1145,263.4563,263.5532,50006.00
12/11/2015,1:53:40 PM,0.574119,263.8117,0.031051,0.000444,2.532938,-3.946424,6.024246,256.915,263.4579,263.5547,50020.00
12/11/2015,1:53:54 PM,0.57353,263.8093,0.031375,0.00045,2.535268,-3.94626,6.024233,257.6729,263.4601,263.556,50034.00
12/11/2015,1:54:08 PM,0.573532,263.8084,0.031114,0.000444,2.536648,-3.946437,6.024309,258.364,263.465,263.562,50048.00
12/11/2015,1:54:22 PM,0.573409,263.8015,0.030513,0.000445,2.537775,-3.946095,6.024221,259.0041,263.4698,263.5643,50062.00
12/11/2015,1:54:36 PM,0.573654,263.8005,0.030489,0.000441,2.540079,-3.94593,6.024246,259.5669,263.4728,263.5674,50076.00
12/11/2015,1:54:50 PM,0.573795,263.7983,0.030472,0.000445,2.541522,-3.946184,6.024246,260.064,263.4794,263.5724,50090.00
12/11/2015,1:55:04 PM,0.573796,263.7992,0.03085,0.000444,2.542472,-3.946133,6.024233,260.5087,263.4778,263.5768,50104.00
12/11/2015,1:55:18 PM,0.573404,263.7987,0.030691,0.000443,2.544219,-3.946209,6.024499,260.9059,263.4845,263.5799,50118.00
12/11/2015,1:55:32 PM,0.573829,263.8003,0.03126,0.000445,2.546991,-3.946095,6.024499,261.263,263.4865,263.5853,50132.00
12/11/2015,1:55:46 PM,0.573544,263.8094,0.030721,0.000444,2.548397,-3.946095,6.02436,261.5845,263.4888,263.5877,50146.00
12/11/2015,1:56:00 PM,0.573411,263.8047,0.030928,0.000443,2.550537,-3.946171,6.024233,261.8736,263.4901,263.5906,50160.00
12/11/2015,1:56:14 PM,0.573435,263.8106,0.030674,0.000442,2.55317,-3.946234,6.024208,262.1321,263.4894,263.5924,50174.00
12/11/2015,1:56:28 PM,0.573748,263.8212,0.030438,0.000441,2.554638,-3.946095,6.024183,262.3646,263.4909,263.5943,50188.00
12/11/2015,1:56:42 PM,0.573604,263.8186,0.030333,0.000444,2.556411,-3.945981,6.024145,262.5778,263.4912,263.5963,50202.00
12/11/2015,1:56:56 PM,0.573888,263.8226,0.030327,0.000445,2.556816,-3.946019,6.024195,262.763,263.4896,263.5946,50216.00
12/11/2015,1:57:10 PM,0.573445,263.8259,0.030791,0.000441,2.557512,-3.945766,6.024208,262.9344,263.4931,263.5932,50230.00
12/11/2015,1:57:24 PM,0.573853,263.8357,0.030023,0.000441,2.558702,-3.946373,6.024208,262.9965,263.4908,263.5954,50244.00
12/11/2015,1:57:38 PM,0.573823,263.8266,0.030425,0.000439,2.560336,-3.945981,6.024132,262.3791,263.4903,263.5929,50258.00
12/11/2015,1:57:52 PM,0.573819,263.8346,0.029771,0.000444,2.562589,-3.945715,6.024385,261.7395,263.4926,263.5918,50272.00
12/11/2015,1:58:06 PM,0.573462,263.8276,0.030341,0.000443,2.564374,-3.946133,6.024233,260.8511,263.4883,263.5872,50286.00
12/11/2015,1:58:20 PM,0.57363,263.822,0.030293,0.000446,2.565337,-3.945791,6.024119,259.4722,263.4872,263.5876,50300.00
12/11/2015,1:58:34 PM,0.573756,263.8116,0.030533,0.000445,2.566767,-3.946196,6.024335,258.0088,263.4877,263.5838,50314.00
12/11/2015,1:58:48 PM,0.573554,263.808,0.030121,0.000445,2.56797,-3.945943,6.024208,256.519,263.4849,263.5817,50328.00
12/11/2015,1:59:02 PM,0.573756,263.7972,0.030121,0.000442,2.569692,-3.945943,6.024398,255.2031,263.4828,263.5802,50342.00
12/11/2015,1:59:16 PM,0.573572,263.7842,0.0303,0.000444,2.572389,-3.946108,6.024259,253.9631,263.4787,263.576,50356.00
12/11/2015,1:59:30 PM,0.573559,263.7795,0.03038,0.000444,2.574427,-3.945994,6.024107,252.7738,263.4785,263.5739,50370.00
12/11/2015,1:59:44 PM,0.573806,263.7681,0.030562,0.000446,2.575668,-3.945892,6.024094,251.7374,263.4762,263.5707,50384.00
12/11/2015,1:59:58 PM,0.573501,263.7568,0.030111,0.000446,2.576731,-3.946146,6.024043,250.8987,263.4763,263.5712,50398.00
12/11/2015,2:00:12 PM,0.573438,263.749,0.030567,0.000445,2.578073,-3.945639,6.024056,250.8647,263.4744,263.5711,50412.00
12/11/2015,2:00:26 PM,0.573985,263.7433,0.030847,0.000449,2.580086,-3.945956,6.024145,251.6125,263.4747,263.5704,50426.00
12/11/2015,2:00:40 PM,0.573562,263.7377,0.030842,0.000449,2.581567,-3.946361,6.024081,252.5854,263.476,263.5748,50440.00
12/11/2015,2:00:54 PM,0.57389,263.7383,0.031355,0.00045,2.585796,-3.946133,6.024259,253.5828,263.4795,263.5737,50454.00
12/11/2015,2:01:08 PM,0.57358,263.7265,0.030931,0.00045,2.587923,-3.946234,6.024145,254.5269,263.4797,263.5745,50468.00
12/11/2015,2:01:22 PM,0.573828,263.7341,0.031333,0.000448,2.589797,-3.94612,6.024119,255.4676,263.4835,263.5773,50482.00
12/11/2015,2:01:36 PM,0.57405,263.7263,0.031173,0.000452,2.592873,-3.946184,6.024107,256.3321,263.4843,263.5788,50496.00
12/11/2015,2:01:50 PM,0.573684,263.735,0.031046,0.000448,2.595532,-3.94607,6.024195,257.0893,263.4875,263.5832,50510.00
12/11/2015,2:02:04 PM,0.573504,263.7288,0.031346,0.000451,2.597317,-3.946222,6.024309,257.8034,263.4892,263.5844,50524.00
12/11/2015,2:02:18 PM,0.573656,263.7386,0.031199,0.00045,2.599608,-3.946032,6.024398,258.4615,263.4923,263.5873,50538.00
12/11/2015,2:02:32 PM,0.573765,263.7328,0.031117,0.000445,2.601065,-3.946158,6.024119,259.0276,263.4929,263.5887,50552.00
12/11/2015,2:02:46 PM,0.573606,263.7353,0.030754,0.000442,2.602166,-3.946044,6.024094,259.5452,263.4912,263.5865,50566.00
12/11/2015,2:03:00 PM,0.57381,263.7352,0.030589,0.000442,2.60666,-3.946146,6.024145,260.0037,263.4905,263.5863,50580.00
12/11/2015,2:03:14 PM,0.57407,263.7376,0.030199,0.000446,2.607775,-3.946032,6.024069,260.4138,263.4895,263.5841,50594.00
12/11/2015,2:03:28 PM,0.573784,263.7378,0.030129,0.000447,2.608711,-3.945994,6.024069,260.7822,263.4873,263.5814,50608.00
12/11/2015,2:03:42 PM,0.573815,263.7402,0.030838,0.000447,2.610648,-3.945551,6.02417,261.1141,263.4883,263.5821,50622.00
12/11/2015,2:03:56 PM,0.573981,263.7379,0.03013,0.000446,2.612066,-3.945715,6.024284,261.4107,263.4877,263.5782,50636.00
12/11/2015,2:04:10 PM,0.57409,263.7382,0.030371,0.000446,2.614649,-3.945905,6.02417,261.6774,263.4827,263.5772,50650.00
12/11/2015,2:04:24 PM,0.573885,263.7363,0.029857,0.000445,2.615168,-3.945753,6.024145,261.9168,263.4823,263.5732,50664.00
12/11/2015,2:04:38 PM,0.5736,263.7362,0.030155,0.000443,2.617194,-3.946133,6.024056,262.1333,263.4807,263.5727,50678.00
12/11/2015,2:04:52 PM,0.573738,263.7337,0.030582,0.000444,2.619245,-3.946222,6.024119,262.3271,263.4778,263.5703,50692.00
12/11/2015,2:05:06 PM,0.573901,263.7346,0.0305,0.000444,2.62046,-3.946184,6.024297,262.5008,263.4761,263.5677,50706.00
12/11/2015,2:05:20 PM,0.573706,263.7302,0.030601,0.000447,2.621372,-3.946006,6.024157,262.6589,263.4736,263.5648,50720.00
12/11/2015,2:05:34 PM,0.573329,263.7317,0.030741,0.000446,2.623955,-3.945943,6.024157,262.7981,263.4717,263.5637,50734.00
12/11/2015,2:05:48 PM,0.57363,263.7297,0.030583,0.000445,2.626449,-3.946108,6.024157,262.9286,263.4689,263.5619,50748.00
12/11/2015,2:06:02 PM,0.573999,263.7249,0.030517,0.000447,2.628753,-3.945943,6.024195,263.043,263.464,263.5597,50762.00
12/11/2015,2:06:16 PM,0.573355,263.7241,0.030673,0.000447,2.630108,-3.946184,6.024195,263.1493,263.4622,263.5576,50776.00
12/11/2015,2:06:30 PM,0.573876,263.7169,0.03101,0.000445,2.630804,-3.946095,6.024208,263.2444,263.4563,263.5548,50790.00
12/11/2015,2:06:44 PM,0.573907,263.7241,0.030825,0.000446,2.633729,-3.946323,6.024094,263.3321,263.4535,263.5514,50804.00
12/11/2015,2:06:58 PM,0.574097,263.7173,0.030935,0.000446,2.636071,-3.945386,6.024107,263.414,263.451,263.5474,50818.00
12/11/2015,2:07:12 PM,0.574126,263.7244,0.030797,0.000446,2.63759,-3.946006,6.024145,263.4897,263.4453,263.545,50832.00
12/11/2015,2:07:26 PM,0.573624,263.7209,0.030689,0.000445,2.64035,-3.94593,6.024081,263.5584,263.4423,263.5407,50846.00
12/11/2015,2:07:40 PM,0.574051,263.7264,0.031255,0.00045,2.643515,-3.946032,6.024119,263.6253,263.4379,263.5359,50860.00
12/11/2015,2:07:54 PM,0.573834,263.7274,0.031096,0.000447,2.645085,-3.945956,6.024056,263.6871,263.4338,263.5341,50874.00
12/11/2015,2:08:08 PM,0.573853,263.731,0.030841,0.000448,2.64687,-3.945854,6.024094,263.7453,263.4312,263.5297,50888.00
12/11/2015,2:08:22 PM,0.573766,263.7333,0.03077,0.000447,2.649061,-3.94626,6.024145,263.7988,263.4269,263.5254,50902.00
12/11/2015,2:08:36 PM,0.573789,263.732,0.030553,0.000449,2.650289,-3.94626,6.024056,263.8483,263.4251,263.5223,50916.00
12/11/2015,2:08:50 PM,0.573862,263.7298,0.030715,0.000444,2.651124,-3.945981,6.02417,263.8949,263.4213,263.5195,50930.00
12/11/2015,2:09:04 PM,0.573976,263.7327,0.030204,0.00044,2.654125,-3.946006,6.024031,263.9403,263.4199,263.5145,50944.00
12/11/2015,2:09:18 PM,0.574118,263.7234,0.030519,0.000445,2.654758,-3.946184,6.024043,263.9814,263.419,263.5134,50958.00
12/11/2015,2:09:32 PM,0.574142,263.7206,0.030394,0.000446,2.656264,-3.946184,6.024069,264.0247,263.4148,263.5088,50972.00
12/11/2015,2:09:46 PM,0.573782,263.7126,0.030653,0.000447,2.659316,-3.945867,6.024183,264.0594,263.4155,263.5069,50986.00
12/11/2015,2:10:00 PM,0.573988,263.7082,0.029922,0.000438,2.658733,-3.945994,6.024119,264.0985,263.4156,263.5087,51000.00
12/11/2015,2:10:14 PM,0.573575,263.7027,0.029981,0.000444,2.662443,-3.946285,6.024145,264.1315,263.4136,263.5045,51014.00
12/11/2015,2:10:28 PM,0.574295,263.699,0.029911,0.000442,2.663911,-3.945816,6.024512,264.1639,263.4166,263.5053,51028.00
12/11/2015,2:10:42 PM,0.573825,263.6954,0.029297,0.000442,2.665266,-3.945538,6.024056,264.1967,263.4163,263.5051,51042.00
12/11/2015,2:10:56 PM,0.574093,263.6938,0.029684,0.00044,2.666709,-3.945791,6.023993,264.2255,263.4195,263.5056,51056.00
12/11/2015,2:11:10 PM,0.574288,263.6879,0.029737,0.00044,2.66752,-3.945981,6.024031,264.2562,263.4196,263.5062,51070.00
12/11/2015,2:11:24 PM,0.574237,263.688,0.02887,0.000435,2.668862,-3.945956,6.02417,264.2839,263.4198,263.5074,51084.00
12/11/2015,2:11:38 PM,0.574254,263.6924,0.029201,0.000439,2.670318,-3.945563,6.024145,264.3117,263.4244,263.5092,51098.00
12/11/2015,2:11:52 PM,0.574176,263.6946,0.029134,0.000441,2.672001,-3.945728,6.02398,264.3397,263.4239,263.5096,51112.00
12/11/2015,2:12:06 PM,0.574057,263.6995,0.029862,0.000443,2.673407,-3.945601,6.02398,264.3663,263.4253,263.5101,51126.00
12/11/2015,2:12:20 PM,0.573848,263.7065,0.028951,0.000439,2.673926,-3.946133,6.024018,264.3954,263.4269,263.515,51140.00
12/11/2015,2:12:34 PM,0.573709,263.709,0.029565,0.000441,2.675091,-3.94612,6.023879,264.4218,263.4285,263.5153,51154.00
12/11/2015,2:12:48 PM,0.573946,263.7107,0.029839,0.000442,2.677483,-3.945842,6.023993,264.448,263.4299,263.5169,51168.00
12/11/2015,2:13:02 PM,0.573993,263.7163,0.030252,0.000445,2.679889,-3.945956,6.023917,264.4705,263.4294,263.5179,51182.00
12/11/2015,2:13:16 PM,0.573956,263.7314,0.03026,0.000443,2.681269,-3.945892,6.023917,264.4942,263.4305,263.5201,51196.00
12/11/2015,2:13:30 PM,0.57405,263.7205,0.030344,0.000444,2.682535,-3.945829,6.023955,264.5174,263.4314,263.521,51210.00
12/11/2015,2:13:44 PM,0.574079,263.7352,0.030281,0.000444,2.683447,-3.946006,6.02398,264.5387,263.4282,263.5224,51224.00
12/11/2015,2:13:58 PM,0.573999,263.738,0.030225,0.000443,2.684725,-3.94569,6.023891,264.5605,263.4319,263.5225,51238.00
12/11/2015,2:14:12 PM,0.573876,263.7321,0.029891,0.000446,2.68684,-3.945702,6.02398,264.5758,263.428,263.521,51252.00
12/11/2015,2:14:26 PM,0.574192,263.7422,0.030137,0.000444,2.688878,-3.945576,6.023853,264.5922,263.4267,263.5195,51266.00
12/11/2015,2:14:40 PM,0.573882,263.7418,0.030337,0.000446,2.690308,-3.945778,6.023904,264.6059,263.4218,263.5176,51280.00
12/11/2015,2:14:54 PM,0.57409,263.7398,0.030154,0.000446,2.692068,-3.945677,6.023853,264.6211,263.4233,263.5153,51294.00
12/11/2015,2:15:08 PM,0.573941,263.7382,0.030149,0.000437,2.695778,-3.945513,6.023879,264.6358,263.4192,263.5122,51308.00
12/11/2015,2:15:22 PM,0.574124,263.7425,0.029345,0.000445,2.695664,-3.94574,6.023866,264.6488,263.4171,263.5099,51322.00
12/11/2015,2:15:36 PM,0.573917,263.7432,0.030299,0.000446,2.697056,-3.945563,6.023955,264.6612,263.4137,263.5078,51336.00
12/11/2015,2:15:50 PM,0.574232,263.7432,0.030671,0.000449,2.699082,-3.945854,6.023841,264.6752,263.412,263.5055,51350.00
12/11/2015,2:16:04 PM,0.57408,263.7442,0.030966,0.000451,2.701918,-3.945766,6.023853,264.6894,263.4102,263.5024,51364.00
12/11/2015,2:16:18 PM,0.573984,263.7448,0.030908,0.000446,2.703096,-3.946095,6.023828,264.7023,263.4068,263.5037,51378.00
12/11/2015,2:16:32 PM,0.57407,263.7383,0.03089,0.000448,2.704653,-3.946032,6.023828,264.715,263.4063,263.4998,51392.00
12/11/2015,2:16:45 PM,0.574169,263.7461,0.030497,0.000447,2.70602,-3.945639,6.023816,264.7297,263.4043,263.5014,51405.00
12/11/2015,2:16:59 PM,0.57407,263.7497,0.030531,0.000451,2.708248,-3.945601,6.023803,264.7411,263.4007,263.4994,51419.00
12/11/2015,2:17:13 PM,0.574468,263.7428,0.030551,0.000444,2.711325,-3.94574,6.023803,264.7525,263.4012,263.4983,51433.00
12/11/2015,2:17:27 PM,0.573695,263.7503,0.030753,0.000449,2.712667,-3.945968,6.023853,264.7667,263.3995,263.4971,51447.00
12/11/2015,2:17:41 PM,0.574074,263.7513,0.030627,0.000431,2.716465,-3.945715,6.023777,264.7784,263.3979,263.497,51461.00
12/11/2015,2:17:55 PM,0.573894,263.7532,0.029488,0.00044,2.715098,-3.945652,6.023816,264.7901,263.3958,263.4966,51475.00
12/11/2015,2:18:09 PM,0.574048,263.7564,0.029336,0.000444,2.71682,-3.945867,6.023765,264.8022,263.3954,263.4943,51489.00
12/11/2015,2:18:23 PM,0.574266,263.7551,0.028794,0.000436,2.716554,-3.945361,6.023942,264.816,263.3933,263.4938,51503.00
12/11/2015,2:18:37 PM,0.573842,263.758,0.029314,0.000441,2.717908,-3.945753,6.023816,264.8281,263.3923,263.4928,51517.00
12/11/2015,2:18:51 PM,0.573862,263.7482,0.029816,0.000446,2.719263,-3.945069,6.023853,264.8398,263.3905,263.4902,51531.00
12/11/2015,2:19:05 PM,0.574043,263.7574,0.029459,0.000437,2.722339,-3.945702,6.023777,264.8515,263.3921,263.4915,51545.00
12/11/2015,2:19:19 PM,0.574003,263.7515,0.028884,0.000442,2.721466,-3.945664,6.023739,264.8641,263.3885,263.4894,51559.00
12/11/2015,2:19:33 PM,0.57424,263.7482,0.029758,0.000445,2.724239,-3.945854,6.023904,264.8771,263.3875,263.4902,51573.00
12/11/2015,2:19:47 PM,0.574269,263.7528,0.030275,0.000447,2.726353,-3.94607,6.023739,264.8903,263.3869,263.4875,51587.00
12/11/2015,2:20:00 PM,0.574314,263.7459,0.030302,0.000442,2.727227,-3.945588,6.023765,264.9012,263.3856,263.4896,51600.00
12/11/2015,2:20:14 PM,0.573948,263.7487,0.030174,0.000443,2.730417,-3.945437,6.023866,264.9111,263.386,263.4869,51614.00
12/11/2015,2:20:28 PM,0.574098,263.749,0.030509,0.000449,2.732506,-3.945702,6.023739,264.9212,263.3834,263.4885,51628.00
12/11/2015,2:20:42 PM,0.57399,263.7539,0.030376,0.000449,2.73381,-3.945639,6.023752,264.9359,263.3885,263.4893,51642.00
12/11/2015,2:20:56 PM,0.574136,263.758,0.030573,0.00045,2.734836,-3.94574,6.02379,264.9454,263.3872,263.4892,51656.00
12/11/2015,2:21:10 PM,0.574036,263.7559,0.030787,0.000448,2.736874,-3.945513,6.023891,264.9595,263.3875,263.4876,51670.00
12/11/2015,2:21:24 PM,0.573936,263.7681,0.030894,0.000445,2.738393,-3.945715,6.023853,264.9709,263.3901,263.4905,51684.00
12/11/2015,2:21:38 PM,0.57385,263.7733,0.031095,0.000448,2.739343,-3.945753,6.023676,264.9831,263.3929,263.4912,51698.00
12/11/2015,2:21:52 PM,0.574202,263.7728,0.031004,0.000447,2.741672,-3.94593,6.023676,264.9974,263.3951,263.4927,51712.00
12/11/2015,2:22:06 PM,0.573966,263.7837,0.030903,0.000446,2.743939,-3.945677,6.023701,265.0108,263.397,263.4956,51726.00
12/11/2015,2:22:20 PM,0.574154,263.7803,0.030255,0.000444,2.745648,-3.945538,6.023727,265.0215,263.4032,263.502,51740.00
12/11/2015,2:22:34 PM,0.574364,263.7925,0.030296,0.000447,2.746813,-3.945842,6.023879,265.0357,263.4085,263.5009,51754.00
12/11/2015,2:22:48 PM,0.574185,263.7934,0.030238,0.000447,2.748775,-3.945399,6.023714,265.051,263.4127,263.5098,51768.00
12/11/2015,2:23:02 PM,0.574176,263.8002,0.030973,0.000451,2.750699,-3.945576,6.023638,265.0117,263.4192,263.5131,51782.00
12/11/2015,2:23:15 PM,0.574166,263.8036,0.030738,0.00045,2.753447,-3.94574,6.023676,264.3396,263.4251,263.5183,51795.00
12/11/2015,2:23:29 PM,0.57396,263.7981,0.030325,0.000446,2.754054,-3.945475,6.023638,263.7288,263.4288,263.5206,51809.00
12/11/2015,2:23:43 PM,0.574265,263.8114,0.030156,0.000445,2.755877,-3.945209,6.023625,262.7901,263.4343,263.5264,51823.00
12/11/2015,2:23:57 PM,0.574206,263.8133,0.030233,0.000447,2.757637,-3.945766,6.0236,261.5154,263.4399,263.5298,51837.00
12/11/2015,2:24:11 PM,0.574565,263.8133,0.03046,0.000449,2.759853,-3.945715,6.023891,260.06,263.4431,263.5323,51851.00
12/11/2015,2:24:25 PM,0.574232,263.8176,0.030491,0.000444,2.762208,-3.945373,6.023701,258.6555,263.4435,263.5373,51865.00
12/11/2015,2:24:39 PM,0.574031,263.8126,0.03014,0.000445,2.763499,-3.945728,6.023663,257.3294,263.447,263.538,51879.00
12/11/2015,2:24:53 PM,0.573993,263.8184,0.030492,0.000447,2.765272,-3.945538,6.023588,256.0832,263.4474,263.5389,51893.00
12/11/2015,2:25:07 PM,0.574193,263.8107,0.030867,0.000448,2.767411,-3.945664,6.0236,254.9449,263.4481,263.5404,51907.00
12/11/2015,2:25:21 PM,0.574103,263.8159,0.03053,0.000446,2.769589,-3.945399,6.023676,253.9151,263.4464,263.5397,51921.00
12/11/2015,2:25:35 PM,0.574061,263.8151,0.030606,0.000448,2.770678,-3.945702,6.023625,253.0356,263.4478,263.5422,51935.00
12/11/2015,2:25:49 PM,0.573958,263.8071,0.030436,0.000448,2.771842,-3.945829,6.023638,252.9285,263.4493,263.5413,51949.00
12/11/2015,2:26:03 PM,0.574404,263.8045,0.030024,0.000449,2.773805,-3.945829,6.023701,253.2099,263.4465,263.5438,51963.00
12/11/2015,2:26:17 PM,0.574066,263.8032,0.030328,0.000446,2.776387,-3.945728,6.023613,253.1446,263.4467,263.5406,51977.00
12/11/2015,2:26:31 PM,0.574183,263.7911,0.030369,0.000451,2.77797,-3.945576,6.023816,253.0158,263.4465,263.5426,51991.00
12/11/2015,2:26:45 PM,0.574198,263.7915,0.030642,0.000449,2.780819,-3.945361,6.023588,252.576,263.4465,263.5398,52005.00
12/11/2015,2:26:58 PM,0.574155,263.782,0.030898,0.00045,2.783262,-3.945487,6.023638,251.6174,263.4465,263.5417,52018.00
12/11/2015,2:27:12 PM,0.573957,263.7817,0.031402,0.000452,2.785845,-3.945386,6.024107,250.5351,263.4463,263.538,52032.00
12/11/2015,2:27:26 PM,0.574469,263.7725,0.030696,0.00045,2.788731,-3.945475,6.023777,249.4218,263.4463,263.5395,52046.00
12/11/2015,2:27:40 PM,0.57447,263.7745,0.030922,0.00045,2.790048,-3.94569,6.023613,248.4622,263.4458,263.5375,52060.00
12/11/2015,2:27:54 PM,0.573975,263.7657,0.030962,0.000449,2.792302,-3.945133,6.0236,247.5166,263.4458,263.5379,52074.00
12/11/2015,2:28:08 PM,0.574442,263.7608,0.0308,0.000448,2.794264,-3.945728,6.023575,246.6713,263.4443,263.5372,52088.00
12/11/2015,2:28:22 PM,0.574263,263.7533,0.030762,0.000452,2.796302,-3.945335,6.02379,245.9097,263.4415,263.5355,52102.00
12/11/2015,2:28:36 PM,0.574197,263.7452,0.030748,0.000451,2.798037,-3.945601,6.023562,245.4329,263.441,263.5338,52116.00
12/11/2015,2:28:50 PM,0.574142,263.7399,0.030962,0.000452,2.80043,-3.945854,6.023853,245.9844,263.4405,263.5355,52130.00
12/11/2015,2:29:04 PM,0.574279,263.7321,0.030708,0.000452,2.802456,-3.945487,6.023638,247.2475,263.4382,263.534,52144.00
12/11/2015,2:29:18 PM,0.574388,263.7246,0.030709,0.000451,2.804658,-3.945513,6.023575,248.7595,263.4389,263.5358,52158.00
12/11/2015,2:29:32 PM,0.574535,263.7148,0.030384,0.000448,2.806697,-3.945601,6.02355,250.204,263.4348,263.5332,52172.00
12/11/2015,2:29:46 PM,0.574187,263.7065,0.030556,0.000449,2.80752,-3.945639,6.02355,251.5091,263.4363,263.5343,52186.00
12/11/2015,2:29:59 PM,0.574174,263.6952,0.030456,0.000447,2.809191,-3.94531,6.023714,252.7206,263.4355,263.5339,52199.00
12/11/2015,2:30:13 PM,0.574317,263.6889,0.030378,0.000449,2.811153,-3.94574,6.023562,253.7964,263.4359,263.5345,52213.00
12/11/2015,2:30:27 PM,0.57445,263.6796,0.030857,0.000448,2.812812,-3.945209,6.023752,254.7846,263.4376,263.5372,52227.00
12/11/2015,2:30:41 PM,0.574,263.6775,0.03072,0.000449,2.815015,-3.945639,6.023625,255.6744,263.4401,263.5373,52241.00
12/11/2015,2:30:55 PM,0.57386,263.6691,0.030561,0.000448,2.816395,-3.945449,6.023512,256.4578,263.4438,263.539,52255.00
12/11/2015,2:31:09 PM,0.574255,263.6597,0.030256,0.000447,2.817142,-3.945513,6.023651,257.1902,263.444,263.5411,52269.00
12/11/2015,2:31:23 PM,0.573971,263.66,0.030554,0.000449,2.820636,-3.945513,6.023474,257.8311,263.4479,263.5431,52283.00
12/11/2015,2:31:37 PM,0.574499,263.6561,0.030179,0.000452,2.823611,-3.945475,6.023714,258.4283,263.4507,263.5459,52297.00
12/11/2015,2:31:51 PM,0.574399,263.6556,0.030333,0.000448,2.825042,-3.945854,6.023524,258.9685,263.4519,263.548,52311.00
12/11/2015,2:32:05 PM,0.574435,263.6591,0.030477,0.000449,2.826903,-3.945373,6.023638,259.4522,263.4564,263.5509,52325.00
12/11/2015,2:32:19 PM,0.574423,263.6567,0.030538,0.000451,2.829308,-3.945551,6.023524,259.8867,263.4556,263.5509,52339.00
12/11/2015,2:32:33 PM,0.574085,263.6572,0.030673,0.00045,2.830942,-3.945588,6.023562,260.2735,263.4531,263.5499,52353.00
12/11/2015,2:32:47 PM,0.57423,263.6595,0.030941,0.000452,2.833689,-3.94569,6.023562,260.6251,263.4541,263.5484,52367.00
12/11/2015,2:33:01 PM,0.574553,263.6579,0.030757,0.000451,2.835424,-3.945513,6.023676,260.9424,263.4508,263.5488,52381.00
12/11/2015,2:33:15 PM,0.574473,263.6574,0.030446,0.000447,2.838032,-3.945525,6.023714,261.2289,263.4498,263.546,52395.00
12/11/2015,2:33:28 PM,0.574392,263.664,0.031276,0.000453,2.8395,-3.945601,6.023575,261.4879,263.4468,263.5433,52408.00
12/11/2015,2:33:42 PM,0.574117,263.6644,0.030894,0.000452,2.841868,-3.945943,6.02355,261.7231,263.4445,263.5397,52422.00
12/11/2015,2:33:56 PM,0.574269,263.6643,0.030698,0.000452,2.843577,-3.945639,6.023512,261.934,263.4388,263.5355,52436.00
12/11/2015,2:34:10 PM,0.574359,263.6656,0.030928,0.000454,2.845413,-3.945778,6.0236,262.1244,263.4337,263.5325,52450.00
12/11/2015,2:34:24 PM,0.574156,263.6577,0.030924,0.000453,2.846172,-3.945133,6.023562,262.2933,263.4311,263.5276,52464.00
12/11/2015,2:34:38 PM,0.574317,263.6587,0.030576,0.000451,2.848527,-3.945525,6.023524,262.4489,263.4265,263.5222,52478.00
12/11/2015,2:34:52 PM,0.573839,263.6522,0.030258,0.000445,2.849426,-3.945348,6.023486,262.5901,263.4208,263.5181,52492.00
12/11/2015,2:35:06 PM,0.574366,263.6541,0.030108,0.000447,2.851211,-3.945626,6.023625,262.7142,263.4188,263.5125,52506.00
12/11/2015,2:35:20 PM,0.574687,263.6502,0.030313,0.000447,2.853718,-3.945133,6.023575,262.8274,263.4134,263.5058,52520.00
12/11/2015,2:35:34 PM,0.574316,263.643,0.030415,0.000448,2.855351,-3.9455,6.02355,262.9294,263.4065,263.5024,52534.00
12/11/2015,2:35:48 PM,0.574099,263.6411,0.03094,0.00045,2.859833,-3.945323,6.023474,263.0245,263.4019,263.4955,52548.00
12/11/2015,2:36:02 PM,0.574392,263.6368,0.030513,0.000446,2.861327,-3.945437,6.023461,263.1075,263.3994,263.4888,52562.00
12/11/2015,2:36:16 PM,0.574294,263.6307,0.030837,0.000452,2.863467,-3.945297,6.023613,263.1855,263.3922,263.4842,52576.00
12/11/2015,2:36:30 PM,0.574204,263.6323,0.031046,0.000454,2.864923,-3.945437,6.023486,263.2563,263.3889,263.4803,52590.00
12/11/2015,2:36:43 PM,0.574352,263.6209,0.030696,0.00045,2.86567,-3.945247,6.023625,263.3216,263.3851,263.4734,52603.00
12/11/2015,2:36:57 PM,0.574195,263.6249,0.030877,0.000453,2.867075,-3.945487,6.023588,263.385,263.3784,263.4693,52617.00
12/11/2015,2:37:11 PM,0.574274,263.6141,0.030536,0.000448,2.868252,-3.945437,6.023461,263.442,263.3733,263.4659,52631.00
12/11/2015,2:37:25 PM,0.574245,263.6148,0.03041,0.000449,2.869518,-3.945538,6.02341,263.4957,263.3695,263.4609,52645.00
12/11/2015,2:37:39 PM,0.574583,263.6122,0.030402,0.000449,2.871278,-3.945766,6.023625,263.5467,263.3635,263.4539,52659.00
12/11/2015,2:37:53 PM,0.574242,263.6129,0.03036,0.000443,2.873355,-3.945588,6.023474,263.5918,263.3581,263.4524,52673.00
12/11/2015,2:38:07 PM,0.574242,263.6021,0.030051,0.000448,2.876393,-3.945399,6.02355,263.6388,263.3532,263.4463,52687.00
12/11/2015,2:38:21 PM,0.574151,263.607,0.02988,0.00045,2.877811,-3.945487,6.023385,263.681,263.3468,263.4415,52701.00
12/11/2015,2:38:35 PM,0.574396,263.607,0.03034,0.000448,2.87971,-3.945259,6.023398,263.7203,263.3427,263.4377,52715.00
12/11/2015,2:38:49 PM,0.574241,263.6066,0.030585,0.000451,2.881103,-3.945715,6.023562,263.7592,263.3373,263.4333,52729.00
12/11/2015,2:39:03 PM,0.574659,263.6073,0.030613,0.000451,2.883078,-3.945715,6.023461,263.7946,263.3305,263.4279,52743.00
12/11/2015,2:39:17 PM,0.574516,263.6073,0.030455,0.000449,2.884939,-3.945513,6.023474,263.8305,263.3271,263.4258,52757.00
12/11/2015,2:39:31 PM,0.574313,263.6083,0.030446,0.00045,2.886673,-3.945462,6.02355,263.8631,263.3227,263.4203,52771.00
12/11/2015,2:39:45 PM,0.574682,263.6092,0.030611,0.000452,2.890484,-3.945626,6.023423,263.8966,263.3186,263.4163,52785.00
12/11/2015,2:39:59 PM,0.574411,263.6133,0.030832,0.000454,2.893548,-3.945601,6.023777,263.9283,263.3162,263.4138,52799.00
12/11/2015,2:40:12 PM,0.574254,263.6124,0.030793,0.000453,2.89489,-3.945766,6.023524,263.9555,263.3121,263.41,52812.00
12/11/2015,2:40:26 PM,0.574423,263.6121,0.030699,0.000447,2.89646,-3.945626,6.023436,263.9874,263.3135,263.4083,52826.00
12/11/2015,2:40:40 PM,0.574447,263.6115,0.030294,0.000436,2.902043,-3.945601,6.023448,264.0149,263.3078,263.4056,52840.00
12/11/2015,2:40:54 PM,0.574581,263.6154,0.029408,0.000449,2.901904,-3.94569,6.023423,264.0412,263.3092,263.4038,52854.00
12/11/2015,2:41:08 PM,0.574383,263.6112,0.029896,0.000448,2.903512,-3.945462,6.023474,264.0698,263.3094,263.4037,52868.00
12/11/2015,2:41:22 PM,0.574148,263.6166,0.02992,0.000445,2.904271,-3.945664,6.023537,264.0927,263.3086,263.4011,52882.00
12/11/2015,2:41:36 PM,0.574574,263.6156,0.029754,0.00045,2.905601,-3.945475,6.023537,264.1177,263.3108,263.4023,52896.00
12/11/2015,2:41:50 PM,0.574059,263.617,0.030014,0.000447,2.906601,-3.9455,6.023891,264.1427,263.3114,263.4019,52910.00
12/11/2015,2:42:04 PM,0.574199,263.6226,0.029971,0.000449,2.908715,-3.945462,6.023448,264.165,263.3115,263.403,52924.00
12/11/2015,2:42:18 PM,0.574336,263.6204,0.030215,0.000453,2.910007,-3.945323,6.0236,264.1896,263.3128,263.4035,52938.00
12/11/2015,2:42:32 PM,0.574489,263.6226,0.030238,0.000453,2.911349,-3.945563,6.023474,264.2107,263.3123,263.4048,52952.00
12/11/2015,2:42:46 PM,0.574195,263.6283,0.030794,0.000455,2.914134,-3.945424,6.023461,264.2319,263.3151,263.4036,52966.00
12/11/2015,2:43:00 PM,0.57437,263.6272,0.030936,0.000455,2.915742,-3.945348,6.023398,264.2507,263.3148,263.4045,52980.00
12/11/2015,2:43:14 PM,0.574198,263.6232,0.030879,0.000452,2.916843,-3.945437,6.02355,264.2696,263.3124,263.4018,52994.00
12/11/2015,2:43:27 PM,0.574397,263.6269,0.030589,0.000452,2.918818,-3.945677,6.023423,264.29,263.3113,263.4015,53007.00
12/11/2015,2:43:41 PM,0.57339,263.6281,0.030722,0.000447,2.920211,-3.943044,6.02336,264.3068,263.3113,263.4,53021.00
12/11/2015,2:43:55 PM,0.572969,263.6269,0.019775,0.000179,2.885977,-3.944917,6.023423,264.3278,263.3106,263.3982,53035.00
12/11/2015,2:44:09 PM,0.572337,263.6311,0.017715,0.000181,2.812888,-3.944285,6.023423,264.3442,263.3092,263.3961,53049.00
12/11/2015,2:44:23 PM,0.57235,263.6331,0.017703,0.00018,2.716731,-3.944373,6.023423,264.3594,263.3072,263.3952,53063.00
12/11/2015,2:44:37 PM,0.571809,263.6309,0.017735,0.000181,2.624803,-3.944411,6.023423,264.3761,263.3063,263.3925,53077.00
12/11/2015,2:44:51 PM,0.571497,263.6312,0.017749,0.000183,2.533559,-3.944399,6.023448,264.395,263.3051,263.3934,53091.00
12/11/2015,2:45:05 PM,0.571061,263.6353,0.017716,0.000183,2.435617,-3.9445,6.023474,264.4098,263.3064,263.3925,53105.00
12/11/2015,2:45:19 PM,0.570747,263.6357,0.017744,0.000184,2.338663,-3.944487,6.02355,264.4297,263.3049,263.3939,53119.00
12/11/2015,2:45:33 PM,0.570633,263.6338,0.017718,0.000184,2.240265,-3.944563,6.023575,264.4426,263.3047,263.3917,53133.00
12/11/2015,2:45:47 PM,0.570135,263.6376,0.017729,0.000186,2.140981,-3.944563,6.023625,264.4568,263.3047,263.3932,53147.00
12/11/2015,2:46:01 PM,0.57007,263.6398,0.017711,0.000187,2.041393,-3.944664,6.023701,264.4724,263.3039,263.3932,53161.00
12/11/2015,2:46:15 PM,0.569647,263.6386,0.01778,0.000187,1.941388,-3.944614,6.023625,264.4888,263.3039,263.3926,53175.00
12/11/2015,2:46:29 PM,0.568985,263.6373,0.017737,0.000189,1.845776,-3.944576,6.023651,264.5016,263.305,263.3934,53189.00
12/11/2015,2:46:43 PM,0.568168,263.638,0.01774,0.00019,1.741896,-3.944563,6.023701,264.519,263.3042,263.3922,53203.00
12/11/2015,2:46:57 PM,0.566704,263.6364,0.017758,0.000191,1.642106,-3.944614,6.023714,264.5315,263.3043,263.3927,53217.00
12/11/2015,2:47:11 PM,0.566178,263.635,0.01776,0.000207,1.629192,-3.944702,6.023765,264.5439,263.3037,263.3925,53231.00
12/11/2015,2:47:25 PM,0.565929,263.6354,0.017738,0.000207,1.629104,-3.944715,6.023727,264.5577,263.302,263.3893,53245.00
12/11/2015,2:47:39 PM,0.566005,263.6328,0.01773,0.000207,1.629256,-3.944778,6.023816,264.5711,263.2981,263.3891,53259.00
12/11/2015,2:47:53 PM,0.565985,263.6361,0.017741,0.000207,1.62918,-3.944715,6.023853,264.5841,263.2974,263.3861,53273.00
12/11/2015,2:48:07 PM,0.565974,263.6335,0.017706,0.000207,1.629281,-3.944892,6.023803,264.596,263.2964,263.3845,53287.00
12/11/2015,2:48:21 PM,0.565732,263.6339,0.017747,0.000207,1.629332,-3.944766,6.023917,264.6125,263.291,263.3804,53301.00
12/11/2015,2:48:35 PM,0.565907,263.6365,0.017774,0.000207,1.629256,-3.94469,6.023841,264.6254,263.289,263.3781,53315.00
12/11/2015,2:48:49 PM,0.565847,263.6339,0.017726,0.000207,1.629369,-3.944753,6.023841,264.6382,263.2828,263.3763,53329.00
12/11/2015,2:49:03 PM,0.56743,263.6365,0.017699,0.000205,1.629167,-3.947032,6.025347,264.6498,263.2792,263.3714,53343.00
12/11/2015,2:49:18 PM,0.567495,263.6365,0.017668,0.000205,1.62918,-3.947108,6.025639,264.6628,263.2767,263.3707,53358.00
12/11/2015,2:49:32 PM,0.565751,263.6368,0.017645,0.000205,1.628331,-3.944917,6.023929,264.6733,263.2723,263.3679,53372.00
12/11/2015,2:49:46 PM,0.567138,263.6362,0.017725,0.000205,1.62861,-3.947095,6.023638,264.6856,263.2718,263.3645,53386.00
12/11/2015,2:50:00 PM,0.567119,263.6394,0.017644,0.000205,1.62861,-3.947171,6.023588,264.699,263.2677,263.3628,53400.00
