8/12/2015,1:04:58 PM,0.55334,263.9751,0.007766,0.000468,1.34214,-3.872753,6.026778,266.541,263.4726,263.5933,0,1.65E+00,47098
8/12/2015,1:05:12 PM,0.553403,263.9713,0.007932,0.000467,1.348521,-3.8725,6.026841,266.5054,263.4755,263.5935,0.000497639,1.69E+00,47112
8/12/2015,1:05:26 PM,0.553439,263.9719,0.011276,0.000482,1.355459,-3.872145,6.026753,266.4676,263.4765,263.5989,0.001038998,2.40E+00,47126
8/12/2015,1:05:40 PM,0.553273,263.9683,0.014921,0.000497,1.36122,-3.872234,6.026816,266.4227,263.4802,263.5994,0.001488741,3.17E+00,47140
8/12/2015,1:05:54 PM,0.55371,263.9674,0.018319,0.000512,1.369854,-3.872284,6.026816,266.3777,263.4827,263.6002,0.002163148,3.89E+00,47154
8/12/2015,1:06:08 PM,0.553864,263.9658,0.021473,0.000526,1.375172,-3.87255,6.026867,266.334,263.4854,263.6033,0.002578767,4.55E+00,47168
8/12/2015,1:06:22 PM,0.553461,263.9629,0.024033,0.000537,1.382059,-3.872664,6.026879,266.2909,263.4848,263.6043,0.003117265,5.10E+00,47182
8/12/2015,1:06:36 PM,0.553602,263.9649,0.026029,0.000546,1.389731,-3.872652,6.026943,266.2516,263.4885,263.6087,0.003717485,5.51E+00,47196
8/12/2015,1:06:50 PM,0.553905,263.963,0.027786,0.000553,1.398632,-3.872209,6.02693,266.2188,263.4885,263.6092,0.004414307,5.88E+00,47210
8/12/2015,1:07:04 PM,0.55354,263.9621,0.029283,0.00056,1.403822,-3.872373,6.027044,266.195,263.4908,263.611,0.004820835,6.20E+00,47224
8/12/2015,1:07:18 PM,0.553822,263.9588,0.030678,0.000566,1.41209,-3.872474,6.026993,266.1774,263.4923,263.6123,0.005468801,6.49E+00,47238
8/12/2015,1:07:32 PM,0.553694,263.9599,0.03194,0.000571,1.417015,-3.872791,6.026981,266.1689,263.4941,263.6122,0.005854975,6.75E+00,47252
8/12/2015,1:07:46 PM,0.55367,263.9569,0.03308,0.000576,1.425624,-3.872626,6.026981,266.1674,263.4945,263.6181,0.006530372,6.99E+00,47266
8/12/2015,1:08:00 PM,0.554062,263.9566,0.034127,0.00058,1.43241,-3.872639,6.027094,266.1722,263.4974,263.6163,0.007063073,7.21E+00,47280
8/12/2015,1:08:14 PM,0.553784,263.9556,0.034931,0.000583,1.43936,-3.872398,6.027019,266.1806,263.4999,263.6204,0.007608941,7.37E+00,47294
8/12/2015,1:08:28 PM,0.553654,263.9539,0.035696,0.000587,1.447488,-3.872335,6.027082,266.1973,263.502,263.6232,0.008247711,7.53E+00,47308
8/12/2015,1:08:42 PM,0.553915,263.9516,0.036408,0.000589,1.45492,-3.872588,6.027082,266.2113,263.506,263.6253,0.00883214,7.67E+00,47322
8/12/2015,1:08:56 PM,0.55405,263.9519,0.037032,0.000592,1.46239,-3.872727,6.027183,266.2337,263.5068,263.6299,0.009419902,7.80E+00,47336
8/12/2015,1:09:10 PM,0.553517,263.9509,0.037481,0.000594,1.469252,-3.872715,6.02712,266.2565,263.5086,263.6307,0.009960129,7.89E+00,47350
8/12/2015,1:09:24 PM,0.553909,263.9482,0.037973,0.000596,1.475924,-3.872424,6.027234,266.2774,263.5113,263.6328,0.010485678,7.99E+00,47364
8/12/2015,1:09:38 PM,0.553744,263.9436,0.03829,0.000598,1.484014,-3.872563,6.027209,266.3043,263.5142,263.6367,0.011123293,8.05E+00,47378
8/12/2015,1:09:52 PM,0.553854,263.9453,0.038588,0.000599,1.490306,-3.872702,6.027171,266.3285,263.5155,263.6377,0.011619479,8.11E+00,47392
8/12/2015,1:10:06 PM,0.554038,263.9393,0.038853,0.0006,1.498396,-3.872727,6.027209,266.3556,263.5165,263.6429,0.012257817,8.16E+00,47406
8/12/2015,1:10:20 PM,0.554045,263.943,0.039037,0.0006,1.505461,-3.872803,6.027183,266.3835,263.5191,263.6429,0.012815612,8.20E+00,47420
8/12/2015,1:10:34 PM,0.553855,263.9397,0.039217,0.000601,1.513602,-3.872702,6.027183,266.4094,263.5194,263.6426,0.013458744,8.23E+00,47434
8/12/2015,1:10:48 PM,0.554142,263.939,0.03927,0.000601,1.519995,-3.87236,6.027183,266.4385,263.5219,263.6463,0.013964076,8.24E+00,47448
8/12/2015,1:11:02 PM,0.55391,263.9351,0.039326,0.0006,1.526528,-3.872512,6.027221,266.4634,263.523,263.6436,0.014480739,8.24E+00,47462
8/12/2015,1:11:16 PM,0.55413,263.9395,0.039299,0.000602,1.534276,-3.872563,6.027209,266.4917,263.5235,263.6476,0.015093836,8.23E+00,47476
8/12/2015,1:11:30 PM,0.554248,263.9409,0.039255,0.0006,1.539897,-3.872968,6.027209,266.5206,263.5261,263.6495,0.015538859,8.22E+00,47490
8/12/2015,1:11:44 PM,0.554029,263.9402,0.039218,0.0006,1.546291,-3.872626,6.027196,266.5453,263.5256,263.6492,0.016045323,8.21E+00,47504
8/12/2015,1:11:58 PM,0.554072,263.9402,0.039098,0.000599,1.553723,-3.872474,6.027209,266.5763,263.5298,263.6548,0.016634328,8.18E+00,47518
8/12/2015,1:12:12 PM,0.554018,263.9449,0.038968,0.000598,1.560521,-3.872462,6.027196,266.6029,263.5354,263.6565,0.017173392,8.15E+00,47532
8/12/2015,1:12:26 PM,0.554408,263.9448,0.038793,0.000598,1.569055,-3.872297,6.027234,266.6298,263.5337,263.66,0.017850527,8.10E+00,47546
8/12/2015,1:12:40 PM,0.554162,263.9489,0.038647,0.000597,1.5775,-3.872512,6.027272,266.6559,263.541,263.6631,0.018521052,8.07E+00,47560
8/12/2015,1:12:54 PM,0.554244,263.9511,0.03844,0.000595,1.582817,-3.87274,6.027272,266.6818,263.5443,263.6671,0.018943448,8.02E+00,47574
8/12/2015,1:13:08 PM,0.55413,263.9527,0.03827,0.000594,1.589299,-3.872715,6.027221,266.7081,263.5495,263.6737,0.019458635,7.98E+00,47588
8/12/2015,1:13:22 PM,0.554357,263.9539,0.038046,0.000593,1.595997,-3.872449,6.027183,266.7329,263.5526,263.6782,0.019991269,7.93E+00,47602
8/12/2015,1:13:36 PM,0.554496,263.9592,0.037872,0.000592,1.603618,-3.872246,6.027209,266.7576,263.5547,263.6842,0.020597647,7.89E+00,47616
8/12/2015,1:13:50 PM,0.554415,263.962,0.037654,0.000591,1.612316,-3.872854,6.027196,266.7781,263.5607,263.6865,0.021290167,7.84E+00,47630
8/12/2015,1:14:04 PM,0.554365,263.9638,0.037493,0.000591,1.617304,-3.872677,6.027183,266.7933,263.5639,263.6888,0.02168752,7.80E+00,47644
8/12/2015,1:14:18 PM,0.554412,263.9614,0.037299,0.000588,1.627749,-3.872614,6.027209,266.8034,263.5665,263.6929,0.022520099,7.76E+00,47658
8/12/2015,1:14:32 PM,0.554377,263.9655,0.037027,0.000588,1.634383,-3.872474,6.027209,266.8054,263.5714,263.6962,0.02304926,7.69E+00,47672
8/12/2015,1:14:46 PM,0.554317,263.9643,0.036827,0.000587,1.642081,-3.87255,6.027297,266.7976,263.5723,263.6971,0.023663643,7.65E+00,47686
8/12/2015,1:15:00 PM,0.554698,263.9627,0.036622,0.000585,1.649968,-3.872753,6.027196,266.7818,263.5755,263.6972,0.024293501,7.60E+00,47700
8/12/2015,1:15:14 PM,0.554005,263.968,0.036373,0.000584,1.656514,-3.872892,6.027234,266.7592,263.578,263.698,0.024816569,7.55E+00,47714
8/12/2015,1:15:28 PM,0.554322,263.9671,0.036128,0.000583,1.664363,-3.872588,6.027196,266.7262,263.5817,263.6995,0.025444115,7.49E+00,47728
8/12/2015,1:15:42 PM,0.554241,263.9645,0.03593,0.000583,1.670402,-3.872588,6.027272,266.6872,263.5823,263.701,0.025927215,7.45E+00,47742
8/12/2015,1:15:56 PM,0.554465,263.9632,0.035752,0.000581,1.679062,-3.872576,6.027259,266.6445,263.586,263.7016,0.026620395,7.40E+00,47756
8/12/2015,1:16:10 PM,0.554599,263.9619,0.035532,0.000581,1.684278,-3.872816,6.027221,266.599,263.5861,263.7025,0.027038136,7.35E+00,47770
8/12/2015,1:16:24 PM,0.554743,263.9606,0.035335,0.000579,1.691583,-3.872664,6.02731,266.5536,263.5902,263.7051,0.027623475,7.31E+00,47784
8/12/2015,1:16:38 PM,0.554709,263.961,0.035163,0.000579,1.698787,-3.872588,6.027259,266.5105,263.5904,263.7067,0.028201056,7.27E+00,47798
8/12/2015,1:16:52 PM,0.554588,263.9576,0.03501,0.000578,1.704725,-3.872765,6.027221,266.4643,263.5907,263.7085,0.028677387,7.23E+00,47812
8/12/2015,1:17:06 PM,0.55493,263.9599,0.034873,0.000577,1.710422,-3.872791,6.027209,266.4206,263.5921,263.7098,0.029134599,7.20E+00,47826
8/12/2015,1:17:20 PM,0.554626,263.953,0.034705,0.000577,1.719715,-3.872563,6.027158,266.3778,263.5927,263.7108,0.029880855,7.16E+00,47840
8/12/2015,1:17:34 PM,0.554794,263.9537,0.034525,0.000576,1.726817,-3.872487,6.027196,266.3293,263.5919,263.7108,0.030451544,7.12E+00,47854
8/12/2015,1:17:48 PM,0.554461,263.9472,0.034319,0.000575,1.733819,-3.872563,6.027209,266.2763,263.5919,263.7128,0.031014516,7.08E+00,47868
8/12/2015,1:18:02 PM,0.554401,263.9429,0.034159,0.000574,1.7412,-3.872512,6.027196,266.2218,263.5943,263.7138,0.031608303,7.04E+00,47882
8/12/2015,1:18:16 PM,0.554793,263.9364,0.033974,0.000574,1.749986,-3.872765,6.027209,266.1596,263.5953,263.7141,0.03231558,7.00E+00,47896
8/12/2015,1:18:30 PM,0.554605,263.9331,0.033792,0.000572,1.756937,-3.872588,6.027158,266.0957,263.5943,263.7168,0.032875493,6.95E+00,47910
8/12/2015,1:18:44 PM,0.554656,263.9307,0.033615,0.000572,1.763735,-3.872462,6.027171,266.0276,263.5951,263.7171,0.033423386,6.91E+00,47924
8/12/2015,1:18:58 PM,0.554694,263.9262,0.033476,0.00057,1.770066,-3.872563,6.027183,265.9607,263.5979,263.7184,0.03393391,6.88E+00,47938
8/12/2015,1:19:12 PM,0.555096,263.9164,0.033409,0.000567,1.776928,-3.872398,6.027183,265.8929,263.5977,263.7189,0.034487547,6.86E+00,47952
8/12/2015,1:19:26 PM,0.554747,263.9157,0.033168,0.000565,1.785347,-3.872576,6.027145,265.8363,263.5997,263.7184,0.035167225,6.81E+00,47966
8/12/2015,1:19:40 PM,0.554722,263.9066,0.033004,0.000565,1.791411,-3.872791,6.027171,265.7911,263.5993,263.7191,0.035657067,6.77E+00,47980
8/12/2015,1:19:54 PM,0.554939,263.9064,0.032869,0.000566,1.797565,-3.872778,6.027158,265.7574,263.6005,263.7209,0.036154425,6.74E+00,47994
8/12/2015,1:20:08 PM,0.55456,263.9027,0.032728,0.000566,1.80335,-3.872487,6.027145,265.7342,263.6005,263.7214,0.036622186,6.71E+00,48008
8/12/2015,1:20:22 PM,0.554897,263.9018,0.032634,0.000565,1.810858,-3.872373,6.027132,265.7233,263.6012,263.7211,0.037229591,6.69E+00,48022
8/12/2015,1:20:36 PM,0.555004,263.8992,0.032502,0.000564,1.818138,-3.872411,6.027171,265.7217,263.6014,263.7235,0.037818903,6.66E+00,48036
8/12/2015,1:20:50 PM,0.554926,263.8956,0.032362,0.000564,1.826241,-3.872677,6.027107,265.7261,263.6001,263.7242,0.038475245,6.62E+00,48050
8/12/2015,1:21:04 PM,0.555059,263.892,0.03224,0.000563,1.832077,-3.872791,6.027132,265.7398,263.6004,263.7232,0.038948227,6.59E+00,48064
8/12/2015,1:21:18 PM,0.55493,263.8901,0.032122,0.000563,1.838648,-3.87255,6.027094,265.754,263.6018,263.7229,0.039481046,6.57E+00,48078
8/12/2015,1:21:32 PM,0.555249,263.8832,0.031974,0.000562,1.847244,-3.872462,6.027107,265.7782,263.6008,263.7263,0.040178494,6.53E+00,48092
8/12/2015,1:21:46 PM,0.555165,263.8848,0.031841,0.000562,1.851827,-3.872462,6.027107,265.7974,263.6028,263.7234,0.04055054,6.50E+00,48106
8/12/2015,1:22:00 PM,0.555015,263.8805,0.031722,0.00056,1.858449,-3.872525,6.02712,265.8238,263.6018,263.724,0.041088357,6.47E+00,48120
8/12/2015,1:22:14 PM,0.55526,263.8819,0.031593,0.000561,1.864982,-3.872753,6.027082,265.8523,263.6027,263.7272,0.041619229,6.44E+00,48134
8/12/2015,1:22:28 PM,0.555149,263.8814,0.031551,0.00056,1.871704,-3.872664,6.027056,265.8821,263.602,263.7261,0.042165753,6.43E+00,48148
8/12/2015,1:22:42 PM,0.555115,263.877,0.031389,0.000559,1.88025,-3.872335,6.027056,265.9141,263.602,263.7261,0.042861008,6.40E+00,48162
8/12/2015,1:22:56 PM,0.555505,263.8827,0.03129,0.000559,1.88672,-3.872373,6.027107,265.9506,263.6042,263.7294,0.043387692,6.37E+00,48176
8/12/2015,1:23:10 PM,0.555196,263.8833,0.03117,0.000558,1.894177,-3.872727,6.027107,265.9877,263.6084,263.7328,0.043995066,6.34E+00,48190
8/12/2015,1:23:24 PM,0.555212,263.8843,0.0311,0.000558,1.899963,-3.872791,6.027082,266.0243,263.6088,263.7347,0.044466592,6.33E+00,48204
8/12/2015,1:23:38 PM,0.555002,263.8897,0.031,0.000558,1.908065,-3.872512,6.027056,266.063,263.6177,263.7396,0.045127231,6.30E+00,48218
8/12/2015,1:23:52 PM,0.555353,263.8914,0.030952,0.000558,1.915371,-3.872538,6.027132,266.1036,263.6166,263.7454,0.045723339,6.29E+00,48232
8/12/2015,1:24:06 PM,0.554983,263.8954,0.030886,0.000558,1.921714,-3.872398,6.027044,266.1407,263.6236,263.7474,0.046241163,6.27E+00,48246
8/12/2015,1:24:20 PM,0.554985,263.9007,0.030748,0.000557,1.930107,-3.87269,6.027145,266.1811,263.6288,263.7539,0.046926755,6.24E+00,48260
8/12/2015,1:24:34 PM,0.555181,263.9051,0.030649,0.000557,1.93778,-3.872601,6.027158,266.2193,263.6321,263.7576,0.047553945,6.22E+00,48274
8/12/2015,1:24:48 PM,0.555186,263.9096,0.030556,0.000557,1.944832,-3.872474,6.027056,266.2566,263.6384,263.7618,0.048130721,6.19E+00,48288
8/12/2015,1:25:02 PM,0.554802,263.9145,0.030411,0.000556,1.951871,-3.872386,6.026993,266.2917,263.6432,263.7659,0.048706766,6.16E+00,48302
8/12/2015,1:25:16 PM,0.554902,263.9216,0.030292,0.000555,1.957112,-3.87236,6.027006,266.3269,263.65,263.77,0.049135885,6.13E+00,48316
8/12/2015,1:25:30 PM,0.555379,263.9231,0.030235,0.000555,1.963151,-3.872614,6.026955,266.3601,263.6542,263.7736,0.049630571,6.12E+00,48330
8/12/2015,1:25:44 PM,0.554973,263.9251,0.030093,0.000554,1.969456,-3.872411,6.026955,266.3917,263.6549,263.7746,0.050147307,6.09E+00,48344
8/12/2015,1:25:58 PM,0.555055,263.9305,0.030023,0.000554,1.976622,-3.872411,6.026968,266.4216,263.6582,263.774,0.050734932,6.07E+00,48358
8/12/2015,1:26:12 PM,0.554985,263.9329,0.029937,0.000553,1.983117,-3.872322,6.026943,266.4516,263.6602,263.7749,0.051267833,6.05E+00,48372
8/12/2015,1:26:26 PM,0.55544,263.9366,0.029881,0.000552,1.989397,-3.872538,6.02693,266.4801,263.6603,263.7747,0.051783363,6.03E+00,48386
8/12/2015,1:26:40 PM,0.555041,263.9371,0.029819,0.000552,1.997335,-3.872652,6.026993,266.5042,263.6645,263.7777,0.052435381,6.02E+00,48400
8/12/2015,1:26:54 PM,0.555196,263.9392,0.029746,0.000552,2.003805,-3.872424,6.027019,266.5228,263.6655,263.7786,0.052967133,6.00E+00,48414
8/12/2015,1:27:08 PM,0.55531,263.9367,0.029638,0.000551,2.012224,-3.872386,6.027019,266.5349,263.6662,263.7775,0.053659493,5.97E+00,48428
8/12/2015,1:27:22 PM,0.555232,263.937,0.029589,0.00055,2.019048,-3.87274,6.027044,266.54,263.6669,263.777,0.054221035,5.96E+00,48442
8/12/2015,1:27:36 PM,0.555265,263.9366,0.029524,0.000549,2.027277,-3.872614,6.026993,266.5323,263.6656,263.7757,0.054898613,5.94E+00,48456
8/12/2015,1:27:50 PM,0.555397,263.9317,0.029429,0.000549,2.034152,-3.872626,6.026981,266.5217,263.6659,263.777,0.055465055,5.92E+00,48470
8/12/2015,1:28:04 PM,0.555396,263.9326,0.02933,0.000549,2.042432,-3.872348,6.026993,266.4986,263.6639,263.776,0.056147683,5.90E+00,48484
8/12/2015,1:28:18 PM,0.555319,263.9323,0.029245,0.000547,2.048028,-3.872715,6.027031,266.4676,263.6646,263.7768,0.056609298,5.88E+00,48498
8/12/2015,1:28:32 PM,0.555445,263.9309,0.02916,0.000546,2.055459,-3.872727,6.027019,266.4311,263.6649,263.7755,0.057222612,5.86E+00,48512
8/12/2015,1:28:46 PM,0.555814,263.9299,0.029074,0.000546,2.061384,-3.872753,6.026981,266.3884,263.6633,263.7755,0.057711899,5.84E+00,48526
8/12/2015,1:29:00 PM,0.555767,263.9266,0.029032,0.000545,2.069348,-3.872462,6.027031,266.3435,263.6618,263.774,0.058369944,5.82E+00,48540
8/12/2015,1:29:14 PM,0.555416,263.9289,0.028944,0.000544,2.076197,-3.872424,6.026993,266.298,263.662,263.7737,0.058936206,5.80E+00,48554
8/12/2015,1:29:28 PM,0.555496,263.9244,0.028872,0.000545,2.082565,-3.87236,6.026955,266.2614,263.6631,263.7745,0.059462987,5.79E+00,48568
8/12/2015,1:29:42 PM,0.555577,263.926,0.028847,0.000544,2.090795,-3.87231,6.026955,266.2279,263.6608,263.7727,0.060144211,5.78E+00,48582
8/12/2015,1:29:56 PM,0.555813,263.9238,0.028809,0.000543,2.099252,-3.872664,6.027056,266.2015,263.6623,263.7747,0.060844707,5.77E+00,48596
8/12/2015,1:30:10 PM,0.555568,263.9212,0.028776,0.000544,2.104924,-3.872373,6.026892,266.1878,263.6593,263.7758,0.061314797,5.76E+00,48610
8/12/2015,1:30:24 PM,0.555283,263.9196,0.028711,0.000543,2.111318,-3.872411,6.026905,266.1759,263.6613,263.7737,0.061844989,5.74E+00,48624
8/12/2015,1:30:38 PM,0.555828,263.917,0.028678,0.000543,2.117103,-3.872234,6.026955,266.1731,263.66,263.7742,0.062324926,5.73E+00,48638
8/12/2015,1:30:52 PM,0.555801,263.9164,0.028627,0.000542,2.125016,-3.872259,6.026917,266.1754,263.6587,263.7721,0.06298178,5.72E+00,48652
8/12/2015,1:31:06 PM,0.555785,263.9128,0.028587,0.000542,2.131764,-3.872652,6.026892,266.185,263.6598,263.7716,0.063542268,5.71E+00,48666
8/12/2015,1:31:20 PM,0.555547,263.9138,0.028559,0.000541,2.136411,-3.872601,6.02693,266.1975,263.658,263.7713,0.063928431,5.70E+00,48680
8/12/2015,1:31:34 PM,0.555618,263.9109,0.028508,0.000541,2.144463,-3.872436,6.026879,266.2127,263.6575,263.7698,0.064597899,5.68E+00,48694
8/12/2015,1:31:48 PM,0.555642,263.9119,0.028419,0.00054,2.15216,-3.872145,6.026905,266.231,263.6574,263.7688,0.065238272,5.66E+00,48708
8/12/2015,1:32:02 PM,0.556009,263.9116,0.028358,0.000539,2.161846,-3.872411,6.026905,266.249,263.6541,263.7644,0.066044707,5.65E+00,48722
8/12/2015,1:32:16 PM,0.555955,263.9126,0.028314,0.000539,2.168745,-3.872639,6.02693,266.2709,263.6529,263.7639,0.0666195,5.63E+00,48736
8/12/2015,1:32:30 PM,0.55573,263.9093,0.028267,0.000539,2.174088,-3.872576,6.026917,266.2954,263.6515,263.7629,0.067064881,5.62E+00,48750
8/12/2015,1:32:44 PM,0.555595,263.9113,0.028208,0.000539,2.182254,-3.872348,6.026867,266.319,263.6522,263.7604,0.067745965,5.61E+00,48764
8/12/2015,1:32:58 PM,0.555834,263.9077,0.028264,0.000538,2.188103,-3.872411,6.026867,266.3408,263.6489,263.7609,0.068234085,5.61E+00,48778
8/12/2015,1:33:12 PM,0.555995,263.9117,0.0282,0.000537,2.195674,-3.872259,6.026854,266.3665,263.6494,263.7588,0.068866266,5.60E+00,48792
8/12/2015,1:33:26 PM,0.556298,263.908,0.028169,0.000537,2.202689,-3.872411,6.02693,266.3928,263.6497,263.7611,0.069452378,5.59E+00,48806
8/12/2015,1:33:40 PM,0.556145,263.9104,0.028113,0.000535,2.209348,-3.87231,6.026765,266.418,263.6483,263.7614,0.070009064,5.57E+00,48820
8/12/2015,1:33:54 PM,0.555671,263.9097,0.028087,0.000535,2.216717,-3.872297,6.02693,266.4453,263.6499,263.764,0.070625466,5.57E+00,48834
8/12/2015,1:34:08 PM,0.556288,263.9116,0.028034,0.000535,2.222844,-3.872082,6.026816,266.4695,263.6507,263.7679,0.071138267,5.55E+00,48848
8/12/2015,1:34:22 PM,0.556151,263.9152,0.028038,0.000534,2.22977,-3.872436,6.026879,266.4946,263.6517,263.7707,0.071718258,5.55E+00,48862
8/12/2015,1:34:36 PM,0.556064,263.9155,0.027986,0.000533,2.235707,-3.872487,6.026829,266.5196,263.6578,263.775,0.072215696,5.54E+00,48876
8/12/2015,1:34:50 PM,0.556079,263.9181,0.027876,0.000533,2.242949,-3.872576,6.026816,266.5449,263.6601,263.7779,0.072822811,5.51E+00,48890
8/12/2015,1:35:04 PM,0.556166,263.919,0.027865,0.000533,2.253179,-3.872234,6.026841,266.572,263.6632,263.7823,0.073681045,5.50E+00,48904
8/12/2015,1:35:18 PM,0.556399,263.9223,0.027798,0.000533,2.257876,-3.872196,6.02693,266.5944,263.6662,263.7843,0.074075341,5.49E+00,48918
8/12/2015,1:35:32 PM,0.555969,263.9266,0.027748,0.000533,2.263864,-3.872322,6.026816,266.6215,263.6689,263.7871,0.074578238,5.48E+00,48932
8/12/2015,1:35:46 PM,0.556304,263.9272,0.027715,0.000532,2.269777,-3.872424,6.026765,266.6455,263.6717,263.7903,0.075075085,5.47E+00,48946
8/12/2015,1:36:00 PM,0.556375,263.9318,0.027672,0.000531,2.277803,-3.872474,6.02674,266.669,263.6726,263.7893,0.075749873,5.46E+00,48960
8/12/2015,1:36:14 PM,0.556314,263.9348,0.027661,0.000531,2.284387,-3.872348,6.026791,266.6928,263.6754,263.7912,0.076303765,5.45E+00,48974
8/12/2015,1:36:29 PM,0.556297,263.9357,0.027656,0.00053,2.292186,-3.872133,6.026829,266.7129,263.6759,263.7923,0.076960269,5.45E+00,48989
8/12/2015,1:36:43 PM,0.556394,263.9382,0.02761,0.000529,2.298833,-3.87236,6.026803,266.7359,263.6762,263.7892,0.07752014,5.43E+00,49003
8/12/2015,1:36:57 PM,0.556578,263.939,0.027608,0.00053,2.306505,-3.872614,6.026765,266.7495,263.6779,263.7925,0.078166736,5.43E+00,49017
8/12/2015,1:37:11 PM,0.55637,263.9421,0.027587,0.00053,2.312772,-3.872576,6.026765,266.7656,263.6774,263.789,0.078695229,5.42E+00,49031
8/12/2015,1:37:25 PM,0.556379,263.9415,0.027583,0.00053,2.321533,-3.872259,6.026765,266.773,263.6791,263.7944,0.079434508,5.42E+00,49045
8/12/2015,1:37:39 PM,0.556379,263.9458,0.027543,0.00053,2.327471,-3.872196,6.026702,266.7727,263.6814,263.7892,0.079935885,5.41E+00,49059
8/12/2015,1:37:53 PM,0.556349,263.9477,0.027489,0.000529,2.334295,-3.872221,6.026702,266.7654,263.6821,263.7929,0.080512383,5.39E+00,49073
8/12/2015,1:38:07 PM,0.556123,263.9458,0.027435,0.000528,2.342929,-3.872322,6.026715,266.7487,263.6834,263.7922,0.081242267,5.38E+00,49087
8/12/2015,1:38:21 PM,0.556599,263.9483,0.027401,0.000528,2.347715,-3.872563,6.026677,266.7255,263.6852,263.7951,0.081647086,5.37E+00,49101
8/12/2015,1:38:35 PM,0.556403,263.9526,0.027278,0.000529,2.354083,-3.87236,6.026715,266.6932,263.6865,263.7961,0.082185972,5.34E+00,49115
8/12/2015,1:38:49 PM,0.556417,263.9509,0.027266,0.000528,2.361515,-3.872221,6.026651,266.6583,263.6871,263.7954,0.082815264,5.34E+00,49129
8/12/2015,1:39:03 PM,0.556342,263.9504,0.027231,0.000528,2.368541,-3.872538,6.026689,266.6152,263.6897,263.7954,0.083410544,5.33E+00,49143
8/12/2015,1:39:17 PM,0.556484,263.952,0.027145,0.000527,2.375163,-3.8725,6.026664,266.5752,263.6898,263.7957,0.083971919,5.31E+00,49157
8/12/2015,1:39:31 PM,0.556409,263.9548,0.02714,0.000527,2.381455,-3.872424,6.026651,266.5311,263.6927,263.7964,0.084505611,5.30E+00,49171
8/12/2015,1:39:45 PM,0.556403,263.9527,0.027099,0.000526,2.388532,-3.872297,6.026664,266.4875,263.6936,263.7996,0.085106228,5.29E+00,49185
8/12/2015,1:39:59 PM,0.55674,263.9566,0.027084,0.000527,2.395736,-3.872158,6.026677,266.45,263.6985,263.8009,0.085717993,5.29E+00,49199
8/12/2015,1:40:13 PM,0.556712,263.9548,0.027068,0.000526,2.403142,-3.872386,6.026677,266.4076,263.7007,263.8042,0.086347303,5.28E+00,49213
8/12/2015,1:40:27 PM,0.556411,263.9529,0.027033,0.000526,2.410359,-3.872487,6.026639,266.3679,263.7009,263.806,0.086960934,5.27E+00,49227
8/12/2015,1:40:41 PM,0.556504,263.9485,0.027025,0.000526,2.416132,-3.87231,6.026727,266.3263,263.7043,263.8107,0.08745206,5.27E+00,49241
8/12/2015,1:40:55 PM,0.556489,263.9458,0.026981,0.000526,2.422589,-3.872398,6.026639,266.276,263.7033,263.8111,0.088001661,5.25E+00,49255
8/12/2015,1:41:09 PM,0.556582,263.9419,0.026886,0.000526,2.428793,-3.872171,6.026677,266.2252,263.7079,263.8134,0.088530012,5.23E+00,49269
8/12/2015,1:41:23 PM,0.556857,263.9389,0.026857,0.000526,2.436693,-3.872474,6.026651,266.1654,263.7096,263.8188,0.089203203,5.22E+00,49283
8/12/2015,1:41:37 PM,0.556532,263.9376,0.026842,0.000526,2.443125,-3.872284,6.026626,266.1093,263.7157,263.8219,0.089751636,5.22E+00,49297
8/12/2015,1:41:51 PM,0.556686,263.932,0.026799,0.000525,2.451531,-3.872335,6.026626,266.0415,263.7175,263.8246,0.090468837,5.21E+00,49311
8/12/2015,1:42:05 PM,0.556738,263.9253,0.026741,0.000525,2.457241,-3.872171,6.026613,265.9752,263.72,263.8282,0.090956309,5.19E+00,49325
8/12/2015,1:42:19 PM,0.557047,263.9207,0.02669,0.000525,2.464116,-3.872171,6.026563,265.915,263.7213,263.8299,0.091543554,5.18E+00,49339
8/12/2015,1:42:33 PM,0.557033,263.9152,0.026678,0.000524,2.471952,-3.872133,6.02655,265.8539,263.7186,263.8308,0.092213306,5.17E+00,49353
8/12/2015,1:42:47 PM,0.556706,263.9137,0.02667,0.000524,2.478903,-3.872069,6.026563,265.8079,263.7208,263.8305,0.092807792,5.17E+00,49367
8/12/2015,1:43:01 PM,0.556902,263.9091,0.026615,0.000524,2.484967,-3.872322,6.026563,265.7727,263.7196,263.832,0.093326706,5.16E+00,49381
8/12/2015,1:43:15 PM,0.556759,263.9042,0.026618,0.000525,2.491981,-3.872246,6.02655,265.7458,263.72,263.8317,0.09392725,5.15E+00,49395
8/12/2015,1:43:29 PM,0.556681,263.9013,0.026595,0.000525,2.4994,-3.872044,6.026588,265.7356,263.7223,263.8329,0.094562863,5.15E+00,49409
8/12/2015,1:43:43 PM,0.557355,263.9004,0.026551,0.000524,2.506326,-3.871879,6.02655,265.7311,263.7177,263.8304,0.095156604,5.13E+00,49423
8/12/2015,1:43:57 PM,0.557135,263.8994,0.026566,0.000525,2.511833,-3.871968,6.026487,265.7381,263.7179,263.8327,0.095628951,5.13E+00,49437
8/12/2015,1:44:11 PM,0.557128,263.8962,0.026576,0.000525,2.51867,-3.872069,6.026512,265.748,263.7175,263.8316,0.096215685,5.13E+00,49451
8/12/2015,1:44:25 PM,0.557369,263.8951,0.02654,0.000525,2.525646,-3.87231,6.026512,265.7631,263.716,263.8311,0.096814703,5.12E+00,49465
8/12/2015,1:44:39 PM,0.557408,263.8932,0.026547,0.000525,2.531508,-3.87231,6.026499,265.7849,263.715,263.8308,0.097318341,5.12E+00,49479
8/12/2015,1:44:53 PM,0.556978,263.8935,0.026496,0.000525,2.538952,-3.871981,6.026499,265.8077,263.7106,263.8284,0.097958264,5.11E+00,49493
8/12/2015,1:45:07 PM,0.557144,263.8906,0.026427,0.000526,2.54546,-3.871892,6.026499,265.8331,263.7109,263.8279,0.098518059,5.09E+00,49507
8/12/2015,1:45:21 PM,0.557477,263.8932,0.026413,0.000525,2.550764,-3.872006,6.026423,265.8623,263.7088,263.8252,0.098974523,5.09E+00,49521
8/12/2015,1:45:35 PM,0.557194,263.889,0.026375,0.000525,2.558918,-3.872335,6.026461,265.8909,263.7074,263.8237,0.099676664,5.08E+00,49535
8/12/2015,1:45:49 PM,0.556981,263.8866,0.026357,0.000526,2.565349,-3.871981,6.026423,265.9228,263.7057,263.8222,0.100230786,5.07E+00,49549
8/12/2015,1:46:03 PM,0.557374,263.8912,0.026369,0.000526,2.572933,-3.872031,6.026461,265.958,263.7041,263.819,0.10088465,5.07E+00,49563
8/12/2015,1:46:17 PM,0.557509,263.8903,0.026358,0.000521,2.579453,-3.872133,6.026474,265.9897,263.7042,263.8195,0.101447122,5.06E+00,49577
8/12/2015,1:46:31 PM,0.557149,263.8916,0.026323,0.000521,2.585226,-3.872133,6.026461,266.0255,263.7044,263.8175,0.101945415,5.06E+00,49591
8/12/2015,1:46:45 PM,0.557127,263.8957,0.026306,0.000522,2.59243,-3.872348,6.026461,266.0648,263.7076,263.8163,0.102567573,5.05E+00,49605
8/12/2015,1:46:59 PM,0.557228,263.8995,0.026304,0.000522,2.599127,-3.872246,6.026411,266.0995,263.7072,263.816,0.103146292,5.05E+00,49619
8/12/2015,1:47:13 PM,0.557469,263.9069,0.026308,0.000522,2.60685,-3.872006,6.026436,266.1384,263.7097,263.8193,0.103814089,5.04E+00,49633
8/12/2015,1:47:27 PM,0.55722,263.9087,0.026296,0.000523,2.614143,-3.871943,6.026436,266.175,263.7132,263.8225,0.104445114,5.04E+00,49647
8/12/2015,1:47:41 PM,0.557403,263.9184,0.026295,0.000522,2.619903,-3.872335,6.026423,266.2122,263.7161,263.824,0.104943778,5.03E+00,49661
8/12/2015,1:47:55 PM,0.557509,263.9216,0.026269,0.000523,2.626854,-3.872183,6.026525,266.2483,263.7228,263.8283,0.105545883,5.03E+00,49675
8/12/2015,1:48:09 PM,0.557466,263.9241,0.02626,0.000523,2.633108,-3.871981,6.026411,266.2848,263.7266,263.8306,0.106087922,5.02E+00,49689
8/12/2015,1:48:23 PM,0.557518,263.9321,0.026225,0.000523,2.638717,-3.871993,6.026461,266.32,263.7291,263.8327,0.106574309,5.01E+00,49703
8/12/2015,1:48:37 PM,0.557569,263.9299,0.026203,0.000522,2.646009,-3.871867,6.026411,266.3496,263.7318,263.8367,0.107206992,5.01E+00,49717
8/12/2015,1:48:51 PM,0.557769,263.9303,0.026187,0.000522,2.651251,-3.872284,6.026411,266.3829,263.7325,263.8375,0.107662056,5.00E+00,49731
8/12/2015,1:49:05 PM,0.557247,263.9334,0.026161,0.000523,2.660012,-3.872145,6.026335,266.4132,263.7346,263.8371,0.108423071,4.99E+00,49745
8/12/2015,1:49:19 PM,0.557319,263.9314,0.026176,0.000522,2.66557,-3.871981,6.026373,266.4411,263.7367,263.8404,0.108906162,4.99E+00,49759
8/12/2015,1:49:33 PM,0.557803,263.9347,0.026162,0.000523,2.671508,-3.871892,6.026322,266.4677,263.736,263.8416,0.109422539,4.99E+00,49773
8/12/2015,1:49:47 PM,0.557499,263.9292,0.026138,0.000523,2.678648,-3.872196,6.026423,266.4885,263.7353,263.8393,0.110043797,4.98E+00,49787
8/12/2015,1:50:01 PM,0.557665,263.929,0.02612,0.000523,2.685257,-3.872221,6.026297,266.5012,263.7336,263.8365,0.110619197,4.97E+00,49801
8/12/2015,1:50:15 PM,0.557474,263.928,0.026165,0.000523,2.690916,-3.872069,6.026234,266.5111,263.7315,263.8342,0.11111215,4.98E+00,49815
8/12/2015,1:50:29 PM,0.557619,263.9247,0.026111,0.000523,2.697322,-3.871841,6.026284,266.5104,263.7315,263.8308,0.111670467,4.97E+00,49829
8/12/2015,1:50:43 PM,0.557624,263.9251,0.026147,0.000524,2.704463,-3.8715,6.026284,266.499,263.7274,263.8301,0.112293211,4.97E+00,49843
8/12/2015,1:50:57 PM,0.557684,263.9215,0.026086,0.000523,2.712211,-3.871905,6.026284,266.4822,263.7266,263.8293,0.112969328,4.95E+00,49857
8/12/2015,1:51:11 PM,0.557385,263.9209,0.026076,0.000523,2.716807,-3.872107,6.026246,266.4551,263.7246,263.8271,0.113370607,4.95E+00,49871
8/12/2015,1:51:25 PM,0.557686,263.918,0.026063,0.000523,2.723555,-3.871993,6.026259,266.4193,263.723,263.8224,0.11396007,4.95E+00,49885
8/12/2015,1:51:39 PM,0.557643,263.9193,0.026035,0.000523,2.730063,-3.872234,6.026272,266.3794,263.7223,263.8224,0.114528898,4.94E+00,49899
8/12/2015,1:51:53 PM,0.557617,263.9128,0.026,0.000523,2.738495,-3.872246,6.026234,266.3333,263.7207,263.8181,0.115266373,4.93E+00,49913
8/12/2015,1:52:07 PM,0.558016,263.9111,0.026024,0.000523,2.744394,-3.871968,6.026208,266.2879,263.7199,263.816,0.115782632,4.93E+00,49927
8/12/2015,1:52:20 PM,0.557671,263.9119,0.025928,0.000522,2.750978,-3.87193,6.026196,266.2396,263.7174,263.8159,0.116359154,4.91E+00,49940
8/12/2015,1:52:34 PM,0.557798,263.9063,0.025931,0.000523,2.758916,-3.872056,6.026196,266.2024,263.7161,263.8184,0.117054681,4.91E+00,49954
8/12/2015,1:52:48 PM,0.55748,263.9068,0.025898,0.000522,2.766753,-3.871575,6.026158,266.1684,263.7168,263.8163,0.117741833,4.90E+00,49968
8/12/2015,1:53:02 PM,0.55784,263.9039,0.025914,0.000521,2.772994,-3.871753,6.02631,266.144,263.7177,263.8196,0.118289384,4.90E+00,49982
8/12/2015,1:53:16 PM,0.55801,263.9044,0.025859,0.00052,2.779224,-3.87193,6.02617,266.1311,263.7173,263.8204,0.11883627,4.88E+00,49996
8/12/2015,1:53:30 PM,0.557806,263.9056,0.025861,0.000522,2.78806,-3.871981,6.026221,266.1252,263.7224,263.8247,0.119612431,4.88E+00,50010
8/12/2015,1:53:44 PM,0.558037,263.9077,0.025838,0.000521,2.795404,-3.872133,6.026158,266.1255,263.7237,263.8268,0.120257992,4.87E+00,50024
8/12/2015,1:53:58 PM,0.557955,263.9128,0.025811,0.000521,2.80186,-3.872006,6.026145,266.1357,263.7284,263.834,0.120825839,4.86E+00,50038
8/12/2015,1:54:12 PM,0.558008,263.9108,0.025793,0.000521,2.808735,-3.872107,6.026208,266.1474,263.7326,263.8362,0.121430895,4.86E+00,50052
8/12/2015,1:54:26 PM,0.558075,263.9158,0.025794,0.00052,2.816167,-3.872183,6.026094,266.1658,263.7374,263.8395,0.122085383,4.86E+00,50066
8/12/2015,1:54:40 PM,0.557951,263.9218,0.025716,0.00052,2.822003,-3.871905,6.026132,266.1883,263.7405,263.8433,0.122599623,4.84E+00,50080
8/12/2015,1:54:54 PM,0.557993,263.9229,0.02574,0.000519,2.827941,-3.871791,6.026094,266.2081,263.7438,263.8463,0.123123121,4.84E+00,50094
8/12/2015,1:55:08 PM,0.558158,263.928,0.025724,0.00052,2.833866,-3.872107,6.026056,266.2359,263.7496,263.8486,0.123645747,4.83E+00,50108
8/12/2015,1:55:22 PM,0.557959,263.932,0.025728,0.000519,2.842691,-3.871715,6.026107,266.2609,263.7493,263.8504,0.12442468,4.83E+00,50122
8/12/2015,1:55:35 PM,0.558049,263.937,0.025664,0.000519,2.848743,-3.871867,6.026056,266.2887,263.752,263.8515,0.124959207,4.82E+00,50135
8/12/2015,1:55:49 PM,0.558239,263.938,0.025669,0.00052,2.854718,-3.871917,6.026044,266.3151,263.7507,263.8529,0.125487213,4.82E+00,50149
8/12/2015,1:56:03 PM,0.558372,263.939,0.025676,0.000519,2.863555,-3.872082,6.026094,266.3423,263.7526,263.852,0.126268643,4.81E+00,50163
8/12/2015,1:56:17 PM,0.558227,263.9425,0.025683,0.000519,2.868164,-3.87212,6.026082,266.3682,263.7496,263.8514,0.126676446,4.81E+00,50177
8/12/2015,1:56:31 PM,0.558211,263.9416,0.025702,0.00052,2.874,-3.872107,6.026082,266.3969,263.7488,263.8508,0.127193053,4.81E+00,50191
8/12/2015,1:56:45 PM,0.558145,263.9407,0.025709,0.000519,2.881115,-3.871993,6.026069,266.4237,263.7473,263.8521,0.127823238,4.81E+00,50205
8/12/2015,1:56:59 PM,0.558284,263.9405,0.025702,0.000519,2.887294,-3.872006,6.026006,266.4516,263.743,263.8514,0.128370843,4.81E+00,50219
8/12/2015,1:57:13 PM,0.558336,263.9415,0.025709,0.00052,2.895371,-3.871791,6.026006,266.4765,263.742,263.849,0.129087108,4.81E+00,50233
8/12/2015,1:57:27 PM,0.558206,263.9392,0.025719,0.000519,2.902208,-3.87174,6.025993,266.4961,263.74,263.8486,0.129693812,4.80E+00,50247
8/12/2015,1:57:41 PM,0.558628,263.9414,0.025693,0.00052,2.908145,-3.871537,6.025968,266.5123,263.7369,263.8465,0.13022095,4.80E+00,50261
8/12/2015,1:57:55 PM,0.558405,263.9425,0.025699,0.000519,2.914704,-3.871715,6.026018,266.5223,263.7346,263.843,0.130803637,4.80E+00,50275
8/12/2015,1:58:09 PM,0.558274,263.9383,0.025684,0.000519,2.92187,-3.871993,6.025968,266.5216,263.731,263.8417,0.131440638,4.79E+00,50289
8/12/2015,1:58:23 PM,0.558169,263.936,0.025694,0.000518,2.927339,-3.87193,6.02598,266.514,263.7295,263.8397,0.131927062,4.79E+00,50303
8/12/2015,1:58:37 PM,0.558571,263.9318,0.025673,0.000519,2.933796,-3.871689,6.026006,266.4958,263.7269,263.8355,0.132501665,4.78E+00,50317
8/12/2015,1:58:51 PM,0.558328,263.9338,0.025655,0.000518,2.93867,-3.871917,6.02598,266.4703,263.7274,263.8327,0.132935617,4.78E+00,50331
8/12/2015,1:59:04 PM,0.558258,263.9294,0.025647,0.000519,2.945102,-3.871626,6.025968,266.4387,263.7259,263.8326,0.133508573,4.77E+00,50344
8/12/2015,1:59:18 PM,0.558283,263.928,0.02561,0.000518,2.95142,-3.871525,6.025955,266.401,263.727,263.8324,0.134071694,4.76E+00,50358
8/12/2015,1:59:32 PM,0.558567,263.9275,0.02561,0.000519,2.959193,-3.871715,6.026018,266.3573,263.7285,263.8298,0.134764933,4.76E+00,50372
8/12/2015,1:59:46 PM,0.558239,263.9229,0.025636,0.000519,2.965371,-3.871778,6.02598,266.3121,263.7293,263.8331,0.135316264,4.76E+00,50386
8/12/2015,2:00:00 PM,0.558424,263.921,0.025613,0.000518,2.97179,-3.871715,6.025942,266.268,263.7327,263.8335,0.135889425,4.75E+00,50400
8/12/2015,2:00:14 PM,0.558335,263.9219,0.025594,0.000518,2.979386,-3.871879,6.025968,266.2296,263.7346,263.835,0.136568106,4.75E+00,50414
8/12/2015,2:00:28 PM,0.558862,263.9197,0.025651,0.000519,2.988958,-3.872031,6.025892,266.1985,263.7346,263.8378,0.137423994,4.75E+00,50428
8/12/2015,2:00:42 PM,0.558728,263.9223,0.025603,0.000519,2.994098,-3.871854,6.025867,266.1747,263.7389,263.8409,0.137883893,4.74E+00,50442
8/12/2015,2:00:56 PM,0.558433,263.9221,0.025677,0.000519,3.00034,-3.872018,6.026006,266.1592,263.7421,263.8441,0.138442678,4.75E+00,50456
8/12/2015,2:01:10 PM,0.558733,263.9238,0.025657,0.000519,3.006556,-3.871917,6.025879,266.1535,263.7475,263.8486,0.138999446,4.75E+00,50470
8/12/2015,2:01:24 PM,0.558467,263.9277,0.025667,0.000519,3.012848,-3.872006,6.025917,266.154,263.7497,263.8527,0.139563337,4.75E+00,50484
8/12/2015,2:01:38 PM,0.558678,263.9306,0.025634,0.00052,3.020394,-3.871879,6.025841,266.1615,263.7523,263.855,0.140240032,4.74E+00,50498
8/12/2015,2:01:52 PM,0.558803,263.9329,0.025629,0.00052,3.026775,-3.871867,6.025829,266.1713,263.7523,263.8557,0.140812611,4.73E+00,50512
8/12/2015,2:02:06 PM,0.558672,263.9378,0.025581,0.000519,3.032915,-3.872056,6.025841,266.1878,263.7525,263.8564,0.141363875,4.72E+00,50526
8/12/2015,2:02:19 PM,0.558466,263.9405,0.025621,0.00052,3.038954,-3.871981,6.025791,266.2065,263.7548,263.8545,0.141906368,4.73E+00,50539
8/12/2015,2:02:33 PM,0.558784,263.9437,0.025606,0.000519,3.047108,-3.871892,6.025765,266.2292,263.7562,263.8588,0.142639321,4.72E+00,50553
8/12/2015,2:02:47 PM,0.558624,263.9438,0.025612,0.000519,3.05416,-3.871841,6.025816,266.2542,263.7555,263.8573,0.143273651,4.72E+00,50567
8/12/2015,2:03:01 PM,0.558577,263.9473,0.025606,0.000519,3.061275,-3.871879,6.025854,266.2779,263.7559,263.8555,0.143914055,4.72E+00,50581
8/12/2015,2:03:15 PM,0.55899,263.9483,0.025575,0.000519,3.066909,-3.871917,6.025854,266.3026,263.7543,263.8567,0.144421449,4.71E+00,50595
8/12/2015,2:03:29 PM,0.558531,263.9503,0.025587,0.00052,3.073454,-3.871943,6.025829,266.3276,263.754,263.8546,0.145011211,4.71E+00,50609
8/12/2015,2:03:43 PM,0.558772,263.9496,0.025613,0.000521,3.079405,-3.871968,6.025829,266.3534,263.7524,263.8543,0.14554775,4.71E+00,50623
8/12/2015,2:03:57 PM,0.55891,263.9506,0.025579,0.00052,3.088596,-3.872145,6.025829,266.3802,263.7562,263.8544,0.146376972,4.70E+00,50637
8/12/2015,2:04:11 PM,0.558653,263.9492,0.025569,0.000521,3.092496,-3.872006,6.025816,266.4087,263.7572,263.8569,0.146729042,4.70E+00,50651
8/12/2015,2:04:25 PM,0.559037,263.9466,0.025563,0.000521,3.09861,-3.871816,6.025867,266.4377,263.7604,263.8584,0.14728123,4.69E+00,50665
8/12/2015,2:04:39 PM,0.559105,263.9466,0.025522,0.000521,3.104245,-3.871943,6.025803,266.4643,263.7631,263.8594,0.147790426,4.68E+00,50679
8/12/2015,2:04:53 PM,0.55879,263.9446,0.025504,0.000521,3.110739,-3.871829,6.025816,266.491,263.7627,263.8656,0.148377566,4.68E+00,50693
8/12/2015,2:05:07 PM,0.558913,263.9427,0.025485,0.000521,3.117766,-3.871715,6.025816,266.5128,263.7661,263.8617,0.149013285,4.67E+00,50707
8/12/2015,2:05:21 PM,0.558915,263.9423,0.025424,0.000521,3.122501,-3.871386,6.025791,266.5294,263.7693,263.8658,0.149441879,4.66E+00,50721
8/12/2015,2:05:35 PM,0.558653,263.9413,0.025456,0.000521,3.129743,-3.871664,6.025803,266.539,263.7719,263.8684,0.150097752,4.66E+00,50735
8/12/2015,2:05:48 PM,0.558893,263.9402,0.025414,0.000522,3.135389,-3.87155,6.025778,266.5406,263.7734,263.8702,0.150609382,4.65E+00,50748
8/12/2015,2:06:02 PM,0.559081,263.9391,0.025435,0.000521,3.143087,-3.871917,6.025765,266.531,263.7736,263.8697,0.151307383,4.65E+00,50762
8/12/2015,2:06:16 PM,0.559155,263.9376,0.02539,0.000521,3.149784,-3.871892,6.025727,266.5134,263.773,263.8699,0.151915016,4.64E+00,50776
8/12/2015,2:06:30 PM,0.558936,263.9389,0.025456,0.000522,3.156533,-3.871955,6.025702,266.4874,263.7724,263.8679,0.152527741,4.65E+00,50790
8/12/2015,2:06:44 PM,0.558988,263.9358,0.025424,0.000522,3.161926,-3.871715,6.02574,266.4542,263.7699,263.8675,0.153017629,4.64E+00,50804
8/12/2015,2:06:58 PM,0.559344,263.939,0.025421,0.000523,3.167826,-3.871588,6.025778,266.4141,263.7706,263.8667,0.153553846,4.64E+00,50818
8/12/2015,2:07:12 PM,0.559298,263.9398,0.025351,0.000523,3.175739,-3.871449,6.025715,266.3678,263.7699,263.8667,0.154273464,4.62E+00,50832
8/12/2015,2:07:26 PM,0.55917,263.9427,0.025354,0.000522,3.181145,-3.871715,6.025727,266.3239,263.7691,263.8641,0.154765391,4.62E+00,50846
8/12/2015,2:07:40 PM,0.559374,263.9423,0.025368,0.000522,3.189019,-3.871462,6.025677,266.2751,263.7708,263.8642,0.15548233,4.62E+00,50860
8/12/2015,2:07:54 PM,0.559502,263.9467,0.025365,0.000522,3.195388,-3.871487,6.025664,266.2404,263.7714,263.8676,0.156062613,4.61E+00,50874
8/12/2015,2:08:08 PM,0.559385,263.9447,0.025319,0.000522,3.200604,-3.871626,6.025727,266.2075,263.7722,263.8678,0.156538096,4.60E+00,50888
8/12/2015,2:08:22 PM,0.559501,263.9484,0.025314,0.000523,3.207225,-3.871879,6.02574,266.1818,263.7745,263.867,0.157141983,4.60E+00,50902
8/12/2015,2:08:36 PM,0.55919,263.9498,0.025288,0.000523,3.214024,-3.871968,6.025778,266.1689,263.7743,263.8682,0.157762485,4.59E+00,50916
8/12/2015,2:08:50 PM,0.559664,263.9529,0.025261,0.000523,3.222886,-3.871829,6.025715,266.1567,263.7756,263.8655,0.158571843,4.58E+00,50930
8/12/2015,2:09:03 PM,0.559522,263.9531,0.025276,0.000523,3.22933,-3.871664,6.025651,266.1562,263.7729,263.8645,0.159160778,4.58E+00,50943
8/12/2015,2:09:17 PM,0.559474,263.954,0.025282,0.000523,3.236015,-3.871487,6.025613,266.1623,263.7744,263.8636,0.159772106,4.58E+00,50957
8/12/2015,2:09:31 PM,0.559598,263.9563,0.025295,0.000524,3.242434,-3.871398,6.025651,266.1706,263.7754,263.8626,0.160359461,4.58E+00,50971
8/12/2015,2:09:45 PM,0.559506,263.9547,0.025283,0.000524,3.24846,-3.871601,6.025651,266.1847,263.7739,263.8623,0.160911169,4.58E+00,50985
8/12/2015,2:09:59 PM,0.559773,263.9549,0.025293,0.000524,3.254171,-3.871829,6.025677,266.1981,263.774,263.8619,0.161434319,4.58E+00,50999
8/12/2015,2:10:13 PM,0.559361,263.9544,0.025328,0.000524,3.261235,-3.871841,6.025639,266.2121,263.7742,263.8623,0.162081787,4.58E+00,51013
8/12/2015,2:10:27 PM,0.559412,263.9521,0.025334,0.000525,3.267249,-3.871867,6.025601,266.2215,263.7723,263.8643,0.162633346,4.58E+00,51027
8/12/2015,2:10:41 PM,0.559639,263.948,0.025315,0.000525,3.274263,-3.871575,6.025575,266.2258,263.7722,263.8629,0.163277002,4.57E+00,51041
8/12/2015,2:10:55 PM,0.559574,263.9464,0.025353,0.000526,3.281062,-3.871778,6.025537,266.2239,263.7723,263.866,0.163901323,4.58E+00,51055
8/12/2015,2:11:09 PM,0.559553,263.9427,0.025329,0.000525,3.285455,-3.8715,6.025588,266.209,263.7745,263.8683,0.16430492,4.57E+00,51069
8/12/2015,2:11:23 PM,0.559691,263.9401,0.025319,0.000525,3.292557,-3.871436,6.025588,266.1894,263.7728,263.8696,0.164957745,4.57E+00,51083
8/12/2015,2:11:37 PM,0.559763,263.9365,0.025328,0.000526,3.298609,-3.871221,6.025563,266.1611,263.7767,263.873,0.165514389,4.56E+00,51097
8/12/2015,2:11:51 PM,0.559784,263.9296,0.025287,0.000526,3.305458,-3.871474,6.025537,266.1265,263.7782,263.874,0.166144712,4.55E+00,51111
8/12/2015,2:12:05 PM,0.559502,263.9276,0.025295,0.000526,3.310459,-3.871563,6.025575,266.0875,263.7757,263.8769,0.166605212,4.55E+00,51125
8/12/2015,2:12:19 PM,0.559949,263.9214,0.025307,0.000526,3.316081,-3.871639,6.025575,266.0412,263.7798,263.8765,0.167123149,4.55E+00,51139
8/12/2015,2:12:32 PM,0.55958,263.9214,0.025288,0.000526,3.324006,-3.871791,6.025563,265.995,263.7802,263.8764,0.167853709,4.55E+00,51152
8/12/2015,2:12:46 PM,0.559473,263.919,0.025294,0.000526,3.330716,-3.871778,6.025499,265.9506,263.7779,263.8771,0.168472683,4.55E+00,51166
8/12/2015,2:13:00 PM,0.559634,263.9175,0.02532,0.000527,3.336705,-3.871727,6.025499,265.9149,263.7823,263.8764,0.169025471,4.55E+00,51180
8/12/2015,2:13:14 PM,0.559806,263.9161,0.025257,0.000527,3.342706,-3.871702,6.025487,265.8858,263.7791,263.8753,0.169579673,4.53E+00,51194
8/12/2015,2:13:28 PM,0.559401,263.9151,0.025314,0.000526,3.349517,-3.8715,6.025461,265.8695,263.7821,263.878,0.170209052,4.54E+00,51208
8/12/2015,2:13:42 PM,0.559537,263.9208,0.025296,0.000527,3.356569,-3.871462,6.025499,265.8593,263.7818,263.8755,0.170861119,4.53E+00,51222
8/12/2015,2:13:56 PM,0.559971,263.9202,0.025341,0.000527,3.362659,-3.871398,6.025436,265.8584,263.7847,263.8786,0.171424576,4.54E+00,51236
8/12/2015,2:14:10 PM,0.560102,263.9238,0.025303,0.000528,3.369635,-3.871259,6.025499,265.8629,263.7842,263.8785,0.172070398,4.53E+00,51250
8/12/2015,2:14:24 PM,0.559506,263.9251,0.025323,0.000527,3.375813,-3.871639,6.025474,265.8775,263.7843,263.8794,0.172642692,4.53E+00,51264
8/12/2015,2:14:38 PM,0.559748,263.9281,0.025311,0.000528,3.382776,-3.871765,6.025449,265.8936,263.7866,263.8801,0.173288096,4.53E+00,51278
8/12/2015,2:14:52 PM,0.559943,263.9326,0.025325,0.000528,3.389398,-3.871525,6.025436,265.9136,263.7859,263.8794,0.173902279,4.53E+00,51292
8/12/2015,2:15:06 PM,0.560106,263.934,0.02532,0.000527,3.395728,-3.87155,6.025461,265.9373,263.7836,263.88,0.174489733,4.52E+00,51306
8/12/2015,2:15:20 PM,0.560158,263.9335,0.025309,0.000528,3.401704,-3.871651,6.025461,265.9619,263.7855,263.8781,0.17504465,4.52E+00,51320
8/12/2015,2:15:34 PM,0.560139,263.9341,0.025286,0.000529,3.406831,-3.87136,6.025436,265.9891,263.7821,263.8785,0.175520977,4.51E+00,51334
8/12/2015,2:15:47 PM,0.560553,263.9315,0.025332,0.000528,3.413225,-3.871246,6.025411,266.0167,263.7819,263.8792,0.176115334,4.52E+00,51347
8/12/2015,2:16:01 PM,0.560279,263.9317,0.025329,0.000529,3.41896,-3.871272,6.025411,266.0462,263.7811,263.8775,0.176648733,4.51E+00,51361
8/12/2015,2:16:15 PM,0.56051,263.9313,0.025306,0.000529,3.426645,-3.871348,6.025461,266.0747,263.7803,263.8795,0.177363944,4.51E+00,51375
8/12/2015,2:16:29 PM,0.560453,263.9307,0.025299,0.000529,3.432684,-3.871639,6.025398,266.1059,263.7812,263.8775,0.177926328,4.50E+00,51389
8/12/2015,2:16:43 PM,0.560242,263.9284,0.025324,0.000529,3.43952,-3.871398,6.025347,266.1392,263.7823,263.8816,0.178563314,4.50E+00,51403
8/12/2015,2:16:57 PM,0.560434,263.9304,0.025314,0.00053,3.445192,-3.871436,6.02536,266.1719,263.7855,263.8801,0.179092146,4.50E+00,51417
8/12/2015,2:17:11 PM,0.560253,263.9298,0.025331,0.000529,3.451194,-3.871449,6.025398,266.2021,263.7863,263.8834,0.17965205,4.50E+00,51431
8/12/2015,2:17:25 PM,0.560642,263.9292,0.025318,0.00053,3.458853,-3.871537,6.025297,266.2334,263.7897,263.884,0.180366985,4.50E+00,51445
8/12/2015,2:17:39 PM,0.560486,263.926,0.025356,0.00053,3.464829,-3.871462,6.025373,266.2656,263.7904,263.8827,0.180925174,4.50E+00,51459
8/12/2015,2:17:53 PM,0.560235,263.928,0.025317,0.000531,3.46907,-3.871398,6.025259,266.2984,263.793,263.8867,0.181321495,4.49E+00,51473
8/12/2015,2:18:07 PM,0.560253,263.9241,0.02533,0.000531,3.477578,-3.871436,6.025284,266.3272,263.7909,263.8838,0.18211704,4.49E+00,51487
8/12/2015,2:18:21 PM,0.560499,263.9244,0.025329,0.000532,3.485365,-3.871398,6.025208,266.3576,263.7909,263.8835,0.182845722,4.49E+00,51501
8/12/2015,2:18:35 PM,0.560414,263.9271,0.02532,0.000533,3.491226,-3.871322,6.025246,266.3847,263.7888,263.8801,0.183394526,4.48E+00,51515
8/12/2015,2:18:49 PM,0.560681,263.9243,0.025357,0.000532,3.497113,-3.871208,6.025233,266.4129,263.7872,263.8774,0.183946068,4.49E+00,51529
8/12/2015,2:19:02 PM,0.560385,263.9261,0.025328,0.000532,3.50357,-3.871234,6.025195,266.4428,263.7865,263.8766,0.184551362,4.48E+00,51542
8/12/2015,2:19:16 PM,0.560768,263.9289,0.025277,0.000532,3.50928,-3.871373,6.025347,266.4702,263.7832,263.8764,0.185086936,4.47E+00,51556
8/12/2015,2:19:30 PM,0.560391,263.9278,0.025288,0.000533,3.51556,-3.871297,6.025221,266.4964,263.7826,263.8739,0.185676305,4.47E+00,51570
8/12/2015,2:19:44 PM,0.560489,263.9315,0.025306,0.000533,3.520004,-3.871322,6.025271,266.5229,263.7811,263.8743,0.186093578,4.47E+00,51584
8/12/2015,2:19:58 PM,0.560614,263.9344,0.025286,0.000534,3.526131,-3.871183,6.025297,266.5516,263.7798,263.8716,0.186669163,4.46E+00,51598
8/12/2015,2:20:12 PM,0.560123,263.939,0.025321,0.000533,3.534158,-3.871183,6.025322,266.5779,263.7788,263.8749,0.18742374,4.46E+00,51612
8/12/2015,2:20:26 PM,0.560363,263.9377,0.025256,0.000534,3.540197,-3.871411,6.025322,266.6031,263.7778,263.8725,0.187991812,4.45E+00,51626
8/12/2015,2:20:40 PM,0.560346,263.9453,0.025275,0.000534,3.546021,-3.871474,6.025246,266.6294,263.7792,263.8754,0.188539964,4.45E+00,51640
8/12/2015,2:20:54 PM,0.560347,263.9439,0.02531,0.000534,3.552338,-3.871462,6.025208,266.6523,263.7795,263.8747,0.189134858,4.46E+00,51654
8/12/2015,2:21:08 PM,0.560556,263.9464,0.025306,0.000535,3.559112,-3.871322,6.025195,266.6753,263.7782,263.8749,0.189773183,4.45E+00,51668
8/12/2015,2:21:22 PM,0.560502,263.9479,0.025293,0.000535,3.56586,-3.87112,6.025183,266.6995,263.7769,263.8765,0.190409462,4.45E+00,51682
8/12/2015,2:21:36 PM,0.560534,263.9508,0.025319,0.000535,3.57138,-3.871069,6.025259,266.7211,263.7752,263.8734,0.190930253,4.45E+00,51696
8/12/2015,2:21:50 PM,0.560776,263.9529,0.025286,0.000535,3.579027,-3.871234,6.025284,266.744,263.7776,263.8742,0.191652167,4.44E+00,51710
8/12/2015,2:22:03 PM,0.560968,263.9565,0.025304,0.000535,3.585661,-3.871386,6.025195,266.7648,263.7773,263.8744,0.192278871,4.44E+00,51723
8/12/2015,2:22:17 PM,0.561145,263.9599,0.02528,0.000535,3.592587,-3.87136,6.025195,266.787,263.7797,263.8744,0.192933579,4.43E+00,51737
8/12/2015,2:22:31 PM,0.560835,263.9643,0.025299,0.000535,3.59741,-3.871563,6.025145,266.8067,263.7797,263.8772,0.193389746,4.43E+00,51751
8/12/2015,2:22:45 PM,0.561002,263.9676,0.025312,0.000536,3.603652,-3.871411,6.025233,266.8275,263.7821,263.8774,0.193980433,4.43E+00,51765
8/12/2015,2:22:59 PM,0.561055,263.9727,0.025351,0.000536,3.609792,-3.871196,6.025157,266.8404,263.7823,263.8784,0.194561808,4.44E+00,51779
8/12/2015,2:23:13 PM,0.561039,263.9748,0.025353,0.000537,3.616844,-3.871094,6.025271,266.8528,263.787,263.8823,0.195229955,4.44E+00,51793
8/12/2015,2:23:27 PM,0.560902,263.9767,0.025342,0.000537,3.622921,-3.870904,6.025132,266.8585,263.7895,263.8844,0.195806083,4.43E+00,51807
8/12/2015,2:23:41 PM,0.560956,263.978,0.025358,0.000537,3.628606,-3.871145,6.025132,266.8567,263.7914,263.8883,0.196345348,4.43E+00,51821
8/12/2015,2:23:55 PM,0.561173,263.9796,0.025374,0.000536,3.635379,-3.871335,6.025221,266.8512,263.7946,263.8896,0.196988198,4.43E+00,51835
8/12/2015,2:24:09 PM,0.561193,263.9813,0.02538,0.000536,3.642722,-3.871335,6.025132,266.8324,263.795,263.8922,0.197685617,4.43E+00,51849
8/12/2015,2:24:23 PM,0.561426,263.985,0.025416,0.000538,3.648457,-3.871373,6.025119,266.8094,263.7991,263.8936,0.19823065,4.43E+00,51863
8/12/2015,2:24:37 PM,0.561444,263.9813,0.025417,0.000538,3.65518,-3.871132,6.025119,266.7794,263.7965,263.894,0.198869957,4.43E+00,51877
8/12/2015,2:24:51 PM,0.561121,263.9838,0.025417,0.000538,3.662245,-3.871398,6.025056,266.7421,263.7975,263.8952,0.199542227,4.43E+00,51891
8/12/2015,2:25:05 PM,0.561302,263.9798,0.02539,0.000537,3.668423,-3.871322,6.025043,266.6995,263.7961,263.8937,0.200130465,4.42E+00,51905
8/12/2015,2:25:19 PM,0.561073,263.9817,0.025404,0.000538,3.67464,-3.871221,6.025081,266.6556,263.793,263.8917,0.200722766,4.42E+00,51919
8/12/2015,2:25:33 PM,0.561495,263.9772,0.025407,0.000539,3.680362,-3.870955,6.025005,266.6108,263.7935,263.8914,0.201268218,4.42E+00,51933
8/12/2015,2:25:46 PM,0.561284,263.9792,0.025415,0.000539,3.688022,-3.871018,6.025031,266.5685,263.7937,263.8903,0.201998877,4.42E+00,51946
8/12/2015,2:26:00 PM,0.561222,263.9783,0.025437,0.000539,3.69325,-3.87093,6.025107,266.5245,263.7919,263.8881,0.202497863,4.42E+00,51960
8/12/2015,2:26:14 PM,0.561257,263.9763,0.025385,0.00054,3.700632,-3.870917,6.025031,266.4852,263.7926,263.8907,0.203202861,4.41E+00,51974
8/12/2015,2:26:28 PM,0.561181,263.9732,0.025458,0.00054,3.707202,-3.871132,6.025081,266.4403,263.7915,263.8915,0.20383073,4.42E+00,51988
8/12/2015,2:26:42 PM,0.561585,263.9725,0.025426,0.00054,3.713659,-3.871145,6.025043,266.3945,263.7944,263.8922,0.204448185,4.41E+00,52002
8/12/2015,2:26:56 PM,0.561222,263.9711,0.025406,0.000541,3.719876,-3.871234,6.025069,266.344,263.7963,263.8937,0.205043049,4.40E+00,52016
8/12/2015,2:27:10 PM,0.56116,263.9668,0.025388,0.00054,3.726586,-3.871398,6.024968,266.2868,263.7974,263.8926,0.205685483,4.40E+00,52030
8/12/2015,2:27:24 PM,0.561507,263.9675,0.02549,0.000541,3.732928,-3.87112,6.02498,266.2253,263.7998,263.8953,0.206293063,4.41E+00,52044
8/12/2015,2:27:38 PM,0.561429,263.9676,0.025507,0.00054,3.738854,-3.87098,6.024968,266.1626,263.8026,263.8955,0.206861124,4.41E+00,52058
8/12/2015,2:27:52 PM,0.561208,263.9638,0.025447,0.000541,3.746273,-3.871056,6.02493,266.0964,263.804,263.8981,0.207572756,4.40E+00,52072
8/12/2015,2:28:06 PM,0.561383,263.9631,0.025486,0.000542,3.752033,-3.870829,6.024942,266.0286,263.8082,263.9,0.208125607,4.40E+00,52086
8/12/2015,2:28:20 PM,0.561639,263.9608,0.025456,0.00054,3.759351,-3.871208,6.024955,265.9609,263.809,263.9006,0.208828437,4.39E+00,52100
8/12/2015,2:28:34 PM,0.561767,263.9607,0.025476,0.00054,3.765086,-3.870892,6.02498,265.9028,263.8112,263.9028,0.209379579,4.39E+00,52114
8/12/2015,2:28:48 PM,0.561292,263.9546,0.025384,0.000541,3.772214,-3.871132,6.024955,265.8528,263.8114,263.9041,0.210065014,4.38E+00,52128
8/12/2015,2:29:01 PM,0.561423,263.9583,0.025438,0.000541,3.777899,-3.871272,6.024993,265.8169,263.8126,263.9051,0.210612026,4.38E+00,52141
8/12/2015,2:29:15 PM,0.561453,263.9544,0.025454,0.000543,3.784786,-3.87131,6.024917,265.7915,263.8157,263.9078,0.211275095,4.38E+00,52155
8/12/2015,2:29:29 PM,0.561638,263.9524,0.025423,0.000543,3.790838,-3.871221,6.024993,265.7771,263.8156,263.9092,0.211858135,4.37E+00,52169
8/12/2015,2:29:43 PM,0.561682,263.9504,0.025455,0.000543,3.797155,-3.871234,6.024942,265.7751,263.8185,263.9123,0.212467068,4.38E+00,52183
8/12/2015,2:29:57 PM,0.561392,263.9491,0.025451,0.000543,3.801941,-3.870942,6.024917,265.7777,263.8194,263.9143,0.212928666,4.37E+00,52197
8/12/2015,2:30:11 PM,0.56158,263.948,0.025432,0.000542,3.807841,-3.871006,6.024942,265.788,263.8191,263.9148,0.213497999,4.37E+00,52211
8/12/2015,2:30:25 PM,0.561647,263.9435,0.025458,0.000543,3.815361,-3.87098,6.02493,265.8046,263.818,263.9136,0.214224129,4.37E+00,52225
8/12/2015,2:30:39 PM,0.561798,263.9391,0.025449,0.000543,3.821679,-3.871044,6.024955,265.8219,263.8161,263.9109,0.214834601,4.37E+00,52239
8/12/2015,2:30:53 PM,0.561613,263.9399,0.025473,0.000543,3.829452,-3.87112,6.024904,265.8469,263.813,263.9096,0.215586173,4.37E+00,52253
8/12/2015,2:31:07 PM,0.561956,263.9346,0.025478,0.000542,3.835669,-3.871297,6.024892,265.8676,263.8148,263.9048,0.216187702,4.36E+00,52267
8/12/2015,2:31:21 PM,0.561899,263.9381,0.025452,0.000543,3.842923,-3.87117,6.024904,265.8967,263.8131,263.9058,0.216890025,4.36E+00,52281
8/12/2015,2:31:35 PM,0.561429,263.9346,0.025454,0.000542,3.848722,-3.871018,6.024904,265.9242,263.8148,263.9037,0.217451831,4.36E+00,52295
8/12/2015,2:31:49 PM,0.561633,263.9364,0.025402,0.000542,3.855546,-3.870968,6.024904,265.9548,263.8139,263.9009,0.218113344,4.34E+00,52309
8/12/2015,2:32:03 PM,0.56157,263.9328,0.025458,0.000542,3.86161,-3.870829,6.024968,265.9885,263.8127,263.9003,0.21870155,4.35E+00,52323
8/12/2015,2:32:16 PM,0.561752,263.9342,0.025418,0.000542,3.868016,-3.870942,6.024854,266.0231,263.814,263.9,0.219323307,4.34E+00,52336
8/12/2015,2:32:30 PM,0.561896,263.9358,0.025386,0.000542,3.874916,-3.870778,6.024841,266.0574,263.813,263.898,0.219993443,4.33E+00,52350
8/12/2015,2:32:44 PM,0.562322,263.9375,0.025351,0.000542,3.881462,-3.871018,6.026715,266.0929,263.8122,263.8986,0.220629613,4.32E+00,52364
