8/12/2015,12:30:32 PM,PIL19,,,,,,,,,
Date,Time,P,T,Int_load,Ext_load,Disp,Intensifier,6v,T_bath,pist_13_mm,pist_20_mm
8/12/2015,12:30:56 PM,0.582485,263.9692,0.009743,0.000315,0.433603,-3.873842,6.026423,266.594,263.2667,263.3819
8/12/2015,12:31:10 PM,0.582401,263.9667,0.009709,0.000316,0.433566,-3.873829,6.026373,266.5825,263.2647,263.3816
8/12/2015,12:31:24 PM,0.582586,263.962,0.009761,0.000315,0.433614,-3.872639,6.026664,266.5623,263.2642,263.3789
8/12/2015,12:31:40 PM,0.581627,263.9616,0.00951,0.000402,0.422637,-3.872095,6.026626,266.5418,263.2645,263.3808
8/12/2015,12:31:54 PM,0.58159,263.9554,0.009378,0.000487,0.45453,-3.872095,6.026651,266.5173,263.2602,263.3774
8/12/2015,12:32:08 PM,0.582107,263.9491,0.009393,0.000489,0.488908,-3.872209,6.026702,266.4933,263.2587,263.3765
8/12/2015,12:32:22 PM,0.581999,263.9471,0.009365,0.000489,0.522905,-3.872246,6.026791,266.4731,263.2539,263.3735
8/12/2015,12:32:36 PM,0.582439,263.9427,0.009344,0.00049,0.575778,-3.872044,6.026791,266.4504,263.2511,263.37
8/12/2015,12:32:50 PM,0.582355,263.9405,0.009286,0.000489,0.639002,-3.87212,6.026867,266.4342,263.2511,263.3702
8/12/2015,12:33:05 PM,0.582757,263.9378,0.00929,0.000492,0.706504,-3.872107,6.026917,266.4177,263.2491,263.3685
8/12/2015,12:33:19 PM,0.583012,263.9337,0.00928,0.000493,0.786271,-3.872044,6.026968,266.4057,263.2484,263.3667
8/12/2015,12:33:33 PM,0.582972,263.9341,0.009227,0.000495,0.86409,-3.872107,6.027031,266.3978,263.2479,263.3654
8/12/2015,12:33:47 PM,0.584671,263.9303,0.009207,0.000494,0.939955,-3.872107,6.036476,266.3985,263.2484,263.3661
8/12/2015,12:34:01 PM,0.583399,263.9369,0.009173,0.000493,0.974046,-3.872018,6.02712,266.4064,263.2547,263.3684
8/12/2015,12:34:15 PM,0.583878,263.9314,0.009087,0.000497,1.046618,-3.872069,6.027259,266.4153,263.2525,263.3701
8/12/2015,12:34:29 PM,0.584049,263.9369,0.009161,0.000498,1.122506,-3.872297,6.027272,266.4287,263.2571,263.3735
8/12/2015,12:34:43 PM,0.584122,263.9373,0.009125,0.000496,1.192202,-3.872196,6.02731,266.451,263.2581,263.376
8/12/2015,12:34:57 PM,0.584367,263.9386,0.009138,0.000496,1.261227,-3.872221,6.027272,266.4707,263.2615,263.3783
8/12/2015,12:35:11 PM,0.586113,263.94,0.009053,0.000496,1.340279,-3.872335,6.057429,266.4928,263.2646,263.3817
8/12/2015,12:35:25 PM,0.586016,263.9394,0.01158,0.000473,1.354877,-3.872538,6.027272,266.5156,263.2671,263.383
8/12/2015,12:35:41 PM,0.584861,263.9378,0.009091,0.000311,1.325517,-3.872816,6.027424,266.5405,263.2682,263.3848
8/12/2015,12:35:55 PM,0.585381,263.9417,0.009073,0.000465,1.336329,-3.872892,6.027183,266.5657,263.2674,263.3866
8/12/2015,12:36:09 PM,0.585518,263.9394,0.008918,0.000458,1.336316,-3.873968,6.02712,266.5916,263.271,263.3855
8/12/2015,12:36:23 PM,0.551918,263.9407,0.008896,0.000455,1.336342,-3.873968,6.027132,266.6163,263.2733,263.3863
8/12/2015,12:36:37 PM,0.553186,263.9417,0.008873,0.000445,1.336468,-3.874019,6.027082,266.6397,263.2725,263.385
8/12/2015,12:36:51 PM,0.553422,263.9407,0.008884,0.000445,1.336544,-3.873968,6.027069,266.6568,263.2717,263.3848
8/12/2015,12:37:05 PM,0.553404,263.9437,0.008831,0.000443,1.336418,-3.87388,6.027082,266.6802,263.2709,263.3834
8/12/2015,12:37:19 PM,0.553494,263.9449,0.00881,0.000442,1.336316,-3.873968,6.027031,266.7018,263.2694,263.3832
8/12/2015,12:37:33 PM,0.553497,263.9449,0.008784,0.000442,1.336468,-3.873854,6.026981,266.7198,263.2676,263.3814
8/12/2015,12:37:47 PM,0.553564,263.9501,0.008761,0.000441,1.336481,-3.873956,6.026981,266.7383,263.2639,263.3799
8/12/2015,12:38:01 PM,0.553532,263.9491,0.008712,0.000441,1.33643,-3.873892,6.026993,266.7492,263.2644,263.3821
8/12/2015,12:38:15 PM,0.553567,263.9536,0.008704,0.000441,1.336443,-3.873867,6.026905,266.7537,263.2595,263.3794
8/12/2015,12:38:29 PM,0.553416,263.9527,0.008652,0.000441,1.336456,-3.873943,6.026867,266.7519,263.2593,263.3811
8/12/2015,12:38:43 PM,0.553593,263.952,0.008601,0.000441,1.336405,-3.873829,6.026829,266.7384,263.258,263.3812
8/12/2015,12:38:57 PM,0.553605,263.9507,0.008593,0.00044,1.336418,-3.873816,6.026854,266.717,263.2567,263.3794
8/12/2015,12:39:11 PM,0.553506,263.9508,0.00858,0.000439,1.336405,-3.873867,6.026791,266.6865,263.2601,263.3827
8/12/2015,12:39:25 PM,0.553578,263.9488,0.008562,0.000439,1.336392,-3.87388,6.026765,266.6486,263.2619,263.3834
8/12/2015,12:39:39 PM,0.553546,263.9491,0.008564,0.00044,1.336354,-3.873943,6.026791,266.606,263.266,263.386
8/12/2015,12:39:53 PM,0.55362,263.9423,0.008545,0.00044,1.336342,-3.873854,6.026702,266.5552,263.2679,263.3885
8/12/2015,12:40:07 PM,0.553629,263.9436,0.008532,0.000439,1.336304,-3.873918,6.026702,266.5037,263.2678,263.3898
8/12/2015,12:40:21 PM,0.553589,263.9406,0.00851,0.000439,1.336342,-3.873892,6.026689,266.4533,263.2748,263.3926
8/12/2015,12:40:35 PM,0.553574,263.9383,0.008483,0.000439,1.336367,-3.873905,6.026727,266.4068,263.2733,263.3938
8/12/2015,12:40:50 PM,0.553643,263.9393,0.008514,0.000439,1.336304,-3.87388,6.026651,266.3713,263.2779,263.3961
8/12/2015,12:41:04 PM,0.553689,263.9383,0.008485,0.000439,1.336304,-3.873918,6.026639,266.3419,263.2802,263.3974
8/12/2015,12:41:18 PM,0.553616,263.9376,0.00848,0.000439,1.336354,-3.873943,6.026601,266.3203,263.2833,263.4007
8/12/2015,12:41:32 PM,0.553617,263.9365,0.008463,0.000439,1.336304,-3.873867,6.026613,266.3069,263.2852,263.4011
8/12/2015,12:41:46 PM,0.553787,263.9382,0.008445,0.000439,1.336304,-3.873842,6.026613,266.2995,263.2872,263.4047
8/12/2015,12:42:00 PM,0.553681,263.9359,0.00844,0.000438,1.336304,-3.873816,6.026613,266.3011,263.287,263.4063
8/12/2015,12:42:14 PM,0.553682,263.9337,0.008443,0.000438,1.336291,-3.873918,6.026575,266.3048,263.2889,263.4085
8/12/2015,12:42:28 PM,0.553592,263.9336,0.008436,0.000438,1.336291,-3.873905,6.026563,266.3158,263.2898,263.4082
8/12/2015,12:42:42 PM,0.553669,263.9319,0.00841,0.000438,1.336266,-3.873867,6.026525,266.3261,263.2937,263.4107
8/12/2015,12:42:56 PM,0.553574,263.9301,0.00845,0.000438,1.336278,-3.873854,6.026487,266.3399,263.2921,263.4109
8/12/2015,12:43:10 PM,0.55357,263.9286,0.00842,0.000438,1.336253,-3.873829,6.026563,266.3552,263.2943,263.4118
8/12/2015,12:43:24 PM,0.553574,263.9308,0.008411,0.000439,1.336253,-3.873842,6.026487,266.3738,263.2962,263.412
8/12/2015,12:43:38 PM,0.553702,263.9248,0.008443,0.000439,1.336228,-3.873854,6.02655,266.3928,263.2935,263.4125
8/12/2015,12:43:52 PM,0.55358,263.9223,0.008393,0.000438,1.336253,-3.873829,6.026487,266.4105,263.2946,263.4119
8/12/2015,12:44:06 PM,0.553568,263.922,0.008417,0.000438,1.336253,-3.873804,6.026499,266.4319,263.2959,263.4114
8/12/2015,12:44:20 PM,0.55356,263.9171,0.008384,0.000439,1.33624,-3.87388,6.026499,266.4525,263.2967,263.4118
8/12/2015,12:44:34 PM,0.553603,263.9199,0.008385,0.000438,1.336228,-3.873816,6.026461,266.4746,263.2981,263.412
8/12/2015,12:44:48 PM,0.553583,263.9182,0.008357,0.000438,1.33624,-3.873804,6.026487,266.4974,263.2999,263.4122
8/12/2015,12:45:02 PM,0.553515,263.9221,0.008341,0.000439,1.336228,-3.873778,6.026474,266.5211,263.3008,263.4131
8/12/2015,12:45:16 PM,0.553565,263.9199,0.008312,0.000438,1.336101,-3.873715,6.026449,266.5436,263.2984,263.4163
8/12/2015,12:45:30 PM,0.553455,263.9201,0.008312,0.000438,1.336076,-3.87374,6.026449,266.5667,263.3028,263.4169
8/12/2015,12:45:44 PM,0.553551,263.9211,0.008302,0.000438,1.336215,-3.87369,6.026423,266.5926,263.3028,263.418
8/12/2015,12:45:58 PM,0.553482,263.9209,0.008287,0.000438,1.336329,-3.87369,6.026563,266.6175,263.3046,263.4215
8/12/2015,12:46:12 PM,0.553565,263.9216,0.008277,0.000438,1.336152,-3.87369,6.026487,266.6378,263.3056,263.4207
8/12/2015,12:46:27 PM,0.553497,263.9233,0.008265,0.000438,1.336089,-3.873778,6.026461,266.6641,263.3084,263.4259
8/12/2015,12:46:41 PM,0.553536,263.9258,0.008261,0.000438,1.336215,-3.873766,6.026385,266.685,263.3118,263.4267
8/12/2015,12:46:55 PM,0.553364,263.9243,0.008259,0.000438,1.336177,-3.87374,6.02636,266.7104,263.3148,263.4306
8/12/2015,12:47:09 PM,0.553499,263.9268,0.008229,0.000438,1.336304,-3.873664,6.026347,266.7324,263.3171,263.4298
8/12/2015,12:47:23 PM,0.553488,263.9265,0.008175,0.000438,1.336228,-3.87369,6.026398,266.7562,263.3193,263.432
8/12/2015,12:47:37 PM,0.553445,263.9269,0.008207,0.000437,1.336316,-3.873715,6.026373,266.7784,263.318,263.4331
8/12/2015,12:47:51 PM,0.553549,263.9278,0.008151,0.000438,1.336354,-3.87374,6.026499,266.7994,263.3229,263.4344
8/12/2015,12:48:05 PM,0.553409,263.9298,0.008133,0.000437,1.336354,-3.87369,6.02636,266.8235,263.3246,263.4363
8/12/2015,12:48:19 PM,0.553318,263.9341,0.008126,0.000437,1.336316,-3.873677,6.02636,266.8433,263.326,263.4365
8/12/2015,12:48:33 PM,0.553587,263.9369,0.008112,0.000437,1.336253,-3.873664,6.026411,266.865,263.3268,263.4399
8/12/2015,12:48:47 PM,0.553534,263.9363,0.008121,0.000438,1.336278,-3.873728,6.026411,266.8863,263.3283,263.4414
8/12/2015,12:49:01 PM,0.55364,263.9392,0.008093,0.000436,1.336291,-3.873652,6.02636,266.9081,263.3304,263.4431
8/12/2015,12:49:15 PM,0.553582,263.9385,0.008141,0.000437,1.336278,-3.873639,6.026385,266.9278,263.3284,263.4456
8/12/2015,12:49:29 PM,0.553469,263.9427,0.008127,0.000437,1.336266,-3.873626,6.026373,266.9503,263.3317,263.4454
8/12/2015,12:49:43 PM,0.553517,263.9431,0.008104,0.000436,1.336266,-3.873702,6.02636,266.9684,263.3337,263.4484
8/12/2015,12:49:57 PM,0.553658,263.9472,0.008086,0.000437,1.336291,-3.873652,6.026436,266.9873,263.3337,263.4505
8/12/2015,12:50:11 PM,0.553523,263.9449,0.008082,0.000436,1.336278,-3.873664,6.026411,267.0081,263.3366,263.4522
8/12/2015,12:50:25 PM,0.553541,263.9478,0.008107,0.000436,1.336291,-3.87369,6.026385,267.0243,263.3367,263.4546
8/12/2015,12:50:39 PM,0.553532,263.9475,0.008106,0.000437,1.336278,-3.873677,6.026449,267.0403,263.3388,263.453
8/12/2015,12:50:53 PM,0.553521,263.9491,0.008124,0.000436,1.336228,-3.873652,6.026385,267.0515,263.3398,263.4576
8/12/2015,12:51:07 PM,0.553549,263.9468,0.008084,0.000437,1.336228,-3.873639,6.026411,267.0569,263.342,263.4564
8/12/2015,12:51:21 PM,0.55355,263.9467,0.008089,0.000437,1.336291,-3.873626,6.026411,267.0545,263.3454,263.4587
8/12/2015,12:51:35 PM,0.553577,263.9484,0.008082,0.000436,1.336253,-3.873677,6.026423,267.0455,263.3452,263.4605
8/12/2015,12:51:50 PM,0.553689,263.9485,0.008075,0.000436,1.336253,-3.873626,6.026449,267.0283,263.3489,263.4618
8/12/2015,12:52:04 PM,0.55352,263.9506,0.008059,0.000436,1.336291,-3.873563,6.026449,267.0018,263.3519,263.4654
8/12/2015,12:52:18 PM,0.553572,263.9499,0.008053,0.000436,1.336291,-3.873652,6.026461,266.9693,263.3544,263.4669
8/12/2015,12:52:32 PM,0.553589,263.9506,0.008064,0.000436,1.336278,-3.873715,6.026449,266.9281,263.3563,263.4687
8/12/2015,12:52:46 PM,0.55366,263.9501,0.008071,0.000436,1.336291,-3.873664,6.026461,266.8835,263.3565,263.4705
8/12/2015,12:53:00 PM,0.553606,263.9545,0.008047,0.000435,1.336278,-3.873702,6.026373,266.8375,263.3609,263.471
8/12/2015,12:53:14 PM,0.553532,263.9521,0.008073,0.000436,1.33624,-3.87374,6.026373,266.7871,263.3628,263.4758
8/12/2015,12:53:28 PM,0.553523,263.9502,0.008048,0.000435,1.33624,-3.873753,6.02636,266.7432,263.3631,263.4761
8/12/2015,12:53:42 PM,0.553586,263.954,0.008031,0.000435,1.33624,-3.873652,6.026398,266.7044,263.369,263.4784
8/12/2015,12:53:56 PM,0.553563,263.9508,0.008032,0.000435,1.336253,-3.873702,6.026385,266.6714,263.3688,263.4818
8/12/2015,12:54:10 PM,0.553546,263.9511,0.008057,0.000436,1.336253,-3.873715,6.02636,266.6488,263.3708,263.4818
8/12/2015,12:54:24 PM,0.553453,263.9503,0.008051,0.000435,1.336266,-3.873804,6.02636,266.633,263.3722,263.4852
8/12/2015,12:54:38 PM,0.553563,263.9498,0.008066,0.000435,1.336278,-3.873728,6.02636,266.6248,263.3742,263.4872
8/12/2015,12:54:52 PM,0.553468,263.9471,0.008066,0.000435,1.336278,-3.873715,6.02636,266.6183,263.3731,263.4875
8/12/2015,12:55:06 PM,0.553484,263.9481,0.008057,0.000435,1.336253,-3.873715,6.026373,266.6236,263.3745,263.4899
8/12/2015,12:55:20 PM,0.553575,263.9462,0.008052,0.000436,1.336253,-3.873664,6.026436,266.6261,263.3761,263.4926
8/12/2015,12:55:34 PM,0.553521,263.946,0.008026,0.000435,1.336215,-3.873664,6.026335,266.6354,263.3775,263.4943
8/12/2015,12:55:48 PM,0.553431,263.9424,0.008039,0.000434,1.336291,-3.87369,6.026335,266.6453,263.3777,263.4963
8/12/2015,12:56:02 PM,0.553468,263.945,0.008035,0.000435,1.336253,-3.873652,6.026385,266.6618,263.3803,263.4987
8/12/2015,12:56:16 PM,0.553665,263.9431,0.008027,0.000434,1.336253,-3.873664,6.026398,266.677,263.3823,263.5002
8/12/2015,12:56:30 PM,0.553567,263.9443,0.008034,0.000435,1.33624,-3.873677,6.02636,266.6945,263.3813,263.5012
8/12/2015,12:56:44 PM,0.553593,263.946,0.008014,0.000435,1.336253,-3.873588,6.026335,266.7095,263.3869,263.5027
8/12/2015,12:56:58 PM,0.553588,263.9468,0.008027,0.000435,1.33624,-3.873626,6.026461,266.7306,263.3872,263.5059
8/12/2015,12:57:12 PM,0.553634,263.9479,0.007984,0.000435,1.336266,-3.873576,6.026436,266.7479,263.3905,263.5057
8/12/2015,12:57:27 PM,0.553716,263.9521,0.007999,0.000434,1.336266,-3.873601,6.026474,266.7711,263.3929,263.5089
8/12/2015,12:57:41 PM,0.553516,263.9533,0.007991,0.000435,1.336278,-3.87355,6.026423,266.792,263.3969,263.513
8/12/2015,12:57:55 PM,0.553643,263.9557,0.007995,0.000434,1.336278,-3.873652,6.026398,266.8135,263.3988,263.5139
8/12/2015,12:58:09 PM,0.553494,263.9563,0.007976,0.000434,1.336278,-3.873626,6.026474,266.8347,263.4021,263.5184
8/12/2015,12:58:23 PM,0.553556,263.9603,0.007966,0.000435,1.336266,-3.87355,6.026398,266.8605,263.4047,263.5245
8/12/2015,12:58:37 PM,0.553679,263.961,0.008015,0.000435,1.336253,-3.873563,6.026411,266.8789,263.4102,263.5247
8/12/2015,12:58:51 PM,0.553617,263.9637,0.008032,0.000435,1.336253,-3.873576,6.026411,266.9033,263.4105,263.5267
8/12/2015,12:59:05 PM,0.553488,263.9702,0.00799,0.000435,1.33624,-3.8735,6.026449,266.9215,263.4184,263.5324
8/12/2015,12:59:19 PM,0.553583,263.9696,0.008033,0.000434,1.336291,-3.87355,6.026411,266.9436,263.4197,263.5342
8/12/2015,12:59:33 PM,0.553637,263.9729,0.008038,0.000435,1.336291,-3.873538,6.026487,266.9647,263.424,263.5387
8/12/2015,12:59:47 PM,0.553504,263.9783,0.008024,0.000435,1.336278,-3.873588,6.026436,266.9831,263.4267,263.542
8/12/2015,1:00:01 PM,0.553653,263.9787,0.008017,0.000435,1.336291,-3.873462,6.026525,267.0025,263.4293,263.5447
8/12/2015,1:00:15 PM,0.553627,263.9809,0.007996,0.000434,1.336266,-3.87355,6.026487,267.0212,263.4306,263.5441
8/12/2015,1:00:29 PM,0.553627,263.9834,0.007988,0.000434,1.336266,-3.873487,6.026449,267.0397,263.43,263.547
8/12/2015,1:00:43 PM,0.55343,263.9897,0.00797,0.000435,1.336025,-3.873576,6.026436,267.0569,263.435,263.551
8/12/2015,1:00:57 PM,0.553586,263.9902,0.007975,0.000434,1.336177,-3.873538,6.026423,267.0699,263.4348,263.5502
8/12/2015,1:01:11 PM,0.55364,263.9938,0.007963,0.000434,1.336126,-3.873525,6.026436,267.0808,263.4356,263.5527
8/12/2015,1:01:25 PM,0.553534,263.9963,0.007973,0.000433,1.336139,-3.873512,6.026474,267.085,263.4391,263.5551
8/12/2015,1:01:39 PM,0.553496,263.994,0.007965,0.000434,1.336126,-3.873652,6.026563,267.0811,263.4403,263.5572
8/12/2015,1:01:53 PM,0.553503,263.9956,0.007953,0.000434,1.336089,-3.873474,6.026461,267.0741,263.4419,263.5592
8/12/2015,1:02:07 PM,0.553518,263.9989,0.007926,0.000433,1.336089,-3.873487,6.026474,267.056,263.4449,263.5616
8/12/2015,1:02:21 PM,0.553629,263.9982,0.007939,0.000434,1.336076,-3.8735,6.026525,267.0314,263.4473,263.5631
8/12/2015,1:02:35 PM,0.553553,263.9989,0.007932,0.000433,1.336089,-3.873512,6.026461,267.0004,263.4505,263.5652
8/12/2015,1:02:50 PM,0.553578,264.0004,0.00791,0.000433,1.336089,-3.873512,6.026499,266.9606,263.451,263.5697
8/12/2015,1:03:04 PM,0.553599,264.0002,0.007929,0.000433,1.336101,-3.873576,6.026449,266.9167,263.457,263.5729
8/12/2015,1:03:18 PM,0.553599,263.9998,0.007916,0.000433,1.336076,-3.873525,6.026487,266.8708,263.4577,263.5773
8/12/2015,1:04:16 PM,0.55357,263.9837,0.007882,0.000433,1.336051,-3.873563,6.026449,266.6262,263.4698,263.5895
8/12/2015,1:04:30 PM,0.553567,263.9811,0.007884,0.000433,1.336089,-3.87355,6.026512,266.5989,263.4686,263.5923
8/12/2015,1:04:44 PM,0.553713,263.9772,0.007867,0.000433,1.344558,-3.873664,6.026689,266.5747,263.4716,263.5915
8/12/2015,1:04:58 PM,0.55334,263.9751,0.007766,0.000468,1.34214,-3.872753,6.026778,266.541,263.4726,263.5933
8/12/2015,1:05:12 PM,0.553403,263.9713,0.007932,0.000467,1.348521,-3.8725,6.026841,266.5054,263.4755,263.5935
8/12/2015,1:05:26 PM,0.553439,263.9719,0.011276,0.000482,1.355459,-3.872145,6.026753,266.4676,263.4765,263.5989
8/12/2015,1:05:40 PM,0.553273,263.9683,0.014921,0.000497,1.36122,-3.872234,6.026816,266.4227,263.4802,263.5994
8/12/2015,1:05:54 PM,0.55371,263.9674,0.018319,0.000512,1.369854,-3.872284,6.026816,266.3777,263.4827,263.6002
8/12/2015,1:06:08 PM,0.553864,263.9658,0.021473,0.000526,1.375172,-3.87255,6.026867,266.334,263.4854,263.6033
8/12/2015,1:06:22 PM,0.553461,263.9629,0.024033,0.000537,1.382059,-3.872664,6.026879,266.2909,263.4848,263.6043
8/12/2015,1:06:36 PM,0.553602,263.9649,0.026029,0.000546,1.389731,-3.872652,6.026943,266.2516,263.4885,263.6087
8/12/2015,1:06:50 PM,0.553905,263.963,0.027786,0.000553,1.398632,-3.872209,6.02693,266.2188,263.4885,263.6092
8/12/2015,1:07:04 PM,0.55354,263.9621,0.029283,0.00056,1.403822,-3.872373,6.027044,266.195,263.4908,263.611
8/12/2015,1:07:18 PM,0.553822,263.9588,0.030678,0.000566,1.41209,-3.872474,6.026993,266.1774,263.4923,263.6123
8/12/2015,1:07:32 PM,0.553694,263.9599,0.03194,0.000571,1.417015,-3.872791,6.026981,266.1689,263.4941,263.6122
8/12/2015,1:07:46 PM,0.55367,263.9569,0.03308,0.000576,1.425624,-3.872626,6.026981,266.1674,263.4945,263.6181
8/12/2015,1:08:00 PM,0.554062,263.9566,0.034127,0.00058,1.43241,-3.872639,6.027094,266.1722,263.4974,263.6163
8/12/2015,1:08:14 PM,0.553784,263.9556,0.034931,0.000583,1.43936,-3.872398,6.027019,266.1806,263.4999,263.6204
8/12/2015,1:08:28 PM,0.553654,263.9539,0.035696,0.000587,1.447488,-3.872335,6.027082,266.1973,263.502,263.6232
8/12/2015,1:08:42 PM,0.553915,263.9516,0.036408,0.000589,1.45492,-3.872588,6.027082,266.2113,263.506,263.6253
8/12/2015,1:08:56 PM,0.55405,263.9519,0.037032,0.000592,1.46239,-3.872727,6.027183,266.2337,263.5068,263.6299
8/12/2015,1:09:10 PM,0.553517,263.9509,0.037481,0.000594,1.469252,-3.872715,6.02712,266.2565,263.5086,263.6307
8/12/2015,1:09:24 PM,0.553909,263.9482,0.037973,0.000596,1.475924,-3.872424,6.027234,266.2774,263.5113,263.6328
8/12/2015,1:09:38 PM,0.553744,263.9436,0.03829,0.000598,1.484014,-3.872563,6.027209,266.3043,263.5142,263.6367
8/12/2015,1:09:52 PM,0.553854,263.9453,0.038588,0.000599,1.490306,-3.872702,6.027171,266.3285,263.5155,263.6377
8/12/2015,1:10:06 PM,0.554038,263.9393,0.038853,0.0006,1.498396,-3.872727,6.027209,266.3556,263.5165,263.6429
8/12/2015,1:10:20 PM,0.554045,263.943,0.039037,0.0006,1.505461,-3.872803,6.027183,266.3835,263.5191,263.6429
8/12/2015,1:10:34 PM,0.553855,263.9397,0.039217,0.000601,1.513602,-3.872702,6.027183,266.4094,263.5194,263.6426
8/12/2015,1:10:48 PM,0.554142,263.939,0.03927,0.000601,1.519995,-3.87236,6.027183,266.4385,263.5219,263.6463
8/12/2015,1:11:02 PM,0.55391,263.9351,0.039326,0.0006,1.526528,-3.872512,6.027221,266.4634,263.523,263.6436
8/12/2015,1:11:16 PM,0.55413,263.9395,0.039299,0.000602,1.534276,-3.872563,6.027209,266.4917,263.5235,263.6476
8/12/2015,1:11:30 PM,0.554248,263.9409,0.039255,0.0006,1.539897,-3.872968,6.027209,266.5206,263.5261,263.6495
8/12/2015,1:11:44 PM,0.554029,263.9402,0.039218,0.0006,1.546291,-3.872626,6.027196,266.5453,263.5256,263.6492
8/12/2015,1:11:58 PM,0.554072,263.9402,0.039098,0.000599,1.553723,-3.872474,6.027209,266.5763,263.5298,263.6548
8/12/2015,1:12:12 PM,0.554018,263.9449,0.038968,0.000598,1.560521,-3.872462,6.027196,266.6029,263.5354,263.6565
8/12/2015,1:12:26 PM,0.554408,263.9448,0.038793,0.000598,1.569055,-3.872297,6.027234,266.6298,263.5337,263.66
8/12/2015,1:12:40 PM,0.554162,263.9489,0.038647,0.000597,1.5775,-3.872512,6.027272,266.6559,263.541,263.6631
8/12/2015,1:12:54 PM,0.554244,263.9511,0.03844,0.000595,1.582817,-3.87274,6.027272,266.6818,263.5443,263.6671
8/12/2015,1:13:08 PM,0.55413,263.9527,0.03827,0.000594,1.589299,-3.872715,6.027221,266.7081,263.5495,263.6737
8/12/2015,1:13:22 PM,0.554357,263.9539,0.038046,0.000593,1.595997,-3.872449,6.027183,266.7329,263.5526,263.6782
8/12/2015,1:13:36 PM,0.554496,263.9592,0.037872,0.000592,1.603618,-3.872246,6.027209,266.7576,263.5547,263.6842
8/12/2015,1:13:50 PM,0.554415,263.962,0.037654,0.000591,1.612316,-3.872854,6.027196,266.7781,263.5607,263.6865
8/12/2015,1:14:04 PM,0.554365,263.9638,0.037493,0.000591,1.617304,-3.872677,6.027183,266.7933,263.5639,263.6888
8/12/2015,1:14:18 PM,0.554412,263.9614,0.037299,0.000588,1.627749,-3.872614,6.027209,266.8034,263.5665,263.6929
8/12/2015,1:14:32 PM,0.554377,263.9655,0.037027,0.000588,1.634383,-3.872474,6.027209,266.8054,263.5714,263.6962
8/12/2015,1:14:46 PM,0.554317,263.9643,0.036827,0.000587,1.642081,-3.87255,6.027297,266.7976,263.5723,263.6971
8/12/2015,1:15:00 PM,0.554698,263.9627,0.036622,0.000585,1.649968,-3.872753,6.027196,266.7818,263.5755,263.6972
8/12/2015,1:15:14 PM,0.554005,263.968,0.036373,0.000584,1.656514,-3.872892,6.027234,266.7592,263.578,263.698
8/12/2015,1:15:28 PM,0.554322,263.9671,0.036128,0.000583,1.664363,-3.872588,6.027196,266.7262,263.5817,263.6995
8/12/2015,1:15:42 PM,0.554241,263.9645,0.03593,0.000583,1.670402,-3.872588,6.027272,266.6872,263.5823,263.701
8/12/2015,1:15:56 PM,0.554465,263.9632,0.035752,0.000581,1.679062,-3.872576,6.027259,266.6445,263.586,263.7016
8/12/2015,1:16:10 PM,0.554599,263.9619,0.035532,0.000581,1.684278,-3.872816,6.027221,266.599,263.5861,263.7025
8/12/2015,1:16:24 PM,0.554743,263.9606,0.035335,0.000579,1.691583,-3.872664,6.02731,266.5536,263.5902,263.7051
8/12/2015,1:16:38 PM,0.554709,263.961,0.035163,0.000579,1.698787,-3.872588,6.027259,266.5105,263.5904,263.7067
8/12/2015,1:16:52 PM,0.554588,263.9576,0.03501,0.000578,1.704725,-3.872765,6.027221,266.4643,263.5907,263.7085
8/12/2015,1:17:06 PM,0.55493,263.9599,0.034873,0.000577,1.710422,-3.872791,6.027209,266.4206,263.5921,263.7098
8/12/2015,1:17:20 PM,0.554626,263.953,0.034705,0.000577,1.719715,-3.872563,6.027158,266.3778,263.5927,263.7108
8/12/2015,1:17:34 PM,0.554794,263.9537,0.034525,0.000576,1.726817,-3.872487,6.027196,266.3293,263.5919,263.7108
8/12/2015,1:17:48 PM,0.554461,263.9472,0.034319,0.000575,1.733819,-3.872563,6.027209,266.2763,263.5919,263.7128
8/12/2015,1:18:02 PM,0.554401,263.9429,0.034159,0.000574,1.7412,-3.872512,6.027196,266.2218,263.5943,263.7138
8/12/2015,1:18:16 PM,0.554793,263.9364,0.033974,0.000574,1.749986,-3.872765,6.027209,266.1596,263.5953,263.7141
8/12/2015,1:18:30 PM,0.554605,263.9331,0.033792,0.000572,1.756937,-3.872588,6.027158,266.0957,263.5943,263.7168
8/12/2015,1:18:44 PM,0.554656,263.9307,0.033615,0.000572,1.763735,-3.872462,6.027171,266.0276,263.5951,263.7171
8/12/2015,1:18:58 PM,0.554694,263.9262,0.033476,0.00057,1.770066,-3.872563,6.027183,265.9607,263.5979,263.7184
8/12/2015,1:19:12 PM,0.555096,263.9164,0.033409,0.000567,1.776928,-3.872398,6.027183,265.8929,263.5977,263.7189
8/12/2015,1:19:26 PM,0.554747,263.9157,0.033168,0.000565,1.785347,-3.872576,6.027145,265.8363,263.5997,263.7184
8/12/2015,1:19:40 PM,0.554722,263.9066,0.033004,0.000565,1.791411,-3.872791,6.027171,265.7911,263.5993,263.7191
8/12/2015,1:19:54 PM,0.554939,263.9064,0.032869,0.000566,1.797565,-3.872778,6.027158,265.7574,263.6005,263.7209
8/12/2015,1:20:08 PM,0.55456,263.9027,0.032728,0.000566,1.80335,-3.872487,6.027145,265.7342,263.6005,263.7214
8/12/2015,1:20:22 PM,0.554897,263.9018,0.032634,0.000565,1.810858,-3.872373,6.027132,265.7233,263.6012,263.7211
8/12/2015,1:20:36 PM,0.555004,263.8992,0.032502,0.000564,1.818138,-3.872411,6.027171,265.7217,263.6014,263.7235
8/12/2015,1:20:50 PM,0.554926,263.8956,0.032362,0.000564,1.826241,-3.872677,6.027107,265.7261,263.6001,263.7242
8/12/2015,1:21:04 PM,0.555059,263.892,0.03224,0.000563,1.832077,-3.872791,6.027132,265.7398,263.6004,263.7232
8/12/2015,1:21:18 PM,0.55493,263.8901,0.032122,0.000563,1.838648,-3.87255,6.027094,265.754,263.6018,263.7229
8/12/2015,1:21:32 PM,0.555249,263.8832,0.031974,0.000562,1.847244,-3.872462,6.027107,265.7782,263.6008,263.7263
8/12/2015,1:21:46 PM,0.555165,263.8848,0.031841,0.000562,1.851827,-3.872462,6.027107,265.7974,263.6028,263.7234
8/12/2015,1:22:00 PM,0.555015,263.8805,0.031722,0.00056,1.858449,-3.872525,6.02712,265.8238,263.6018,263.724
8/12/2015,1:22:14 PM,0.55526,263.8819,0.031593,0.000561,1.864982,-3.872753,6.027082,265.8523,263.6027,263.7272
8/12/2015,1:22:28 PM,0.555149,263.8814,0.031551,0.00056,1.871704,-3.872664,6.027056,265.8821,263.602,263.7261
8/12/2015,1:22:42 PM,0.555115,263.877,0.031389,0.000559,1.88025,-3.872335,6.027056,265.9141,263.602,263.7261
8/12/2015,1:22:56 PM,0.555505,263.8827,0.03129,0.000559,1.88672,-3.872373,6.027107,265.9506,263.6042,263.7294
8/12/2015,1:23:10 PM,0.555196,263.8833,0.03117,0.000558,1.894177,-3.872727,6.027107,265.9877,263.6084,263.7328
8/12/2015,1:23:24 PM,0.555212,263.8843,0.0311,0.000558,1.899963,-3.872791,6.027082,266.0243,263.6088,263.7347
8/12/2015,1:23:38 PM,0.555002,263.8897,0.031,0.000558,1.908065,-3.872512,6.027056,266.063,263.6177,263.7396
8/12/2015,1:23:52 PM,0.555353,263.8914,0.030952,0.000558,1.915371,-3.872538,6.027132,266.1036,263.6166,263.7454
8/12/2015,1:24:06 PM,0.554983,263.8954,0.030886,0.000558,1.921714,-3.872398,6.027044,266.1407,263.6236,263.7474
8/12/2015,1:24:20 PM,0.554985,263.9007,0.030748,0.000557,1.930107,-3.87269,6.027145,266.1811,263.6288,263.7539
8/12/2015,1:24:34 PM,0.555181,263.9051,0.030649,0.000557,1.93778,-3.872601,6.027158,266.2193,263.6321,263.7576
8/12/2015,1:24:48 PM,0.555186,263.9096,0.030556,0.000557,1.944832,-3.872474,6.027056,266.2566,263.6384,263.7618
8/12/2015,1:25:02 PM,0.554802,263.9145,0.030411,0.000556,1.951871,-3.872386,6.026993,266.2917,263.6432,263.7659
8/12/2015,1:25:16 PM,0.554902,263.9216,0.030292,0.000555,1.957112,-3.87236,6.027006,266.3269,263.65,263.77
8/12/2015,1:25:30 PM,0.555379,263.9231,0.030235,0.000555,1.963151,-3.872614,6.026955,266.3601,263.6542,263.7736
8/12/2015,1:25:44 PM,0.554973,263.9251,0.030093,0.000554,1.969456,-3.872411,6.026955,266.3917,263.6549,263.7746
8/12/2015,1:25:58 PM,0.555055,263.9305,0.030023,0.000554,1.976622,-3.872411,6.026968,266.4216,263.6582,263.774
8/12/2015,1:26:12 PM,0.554985,263.9329,0.029937,0.000553,1.983117,-3.872322,6.026943,266.4516,263.6602,263.7749
8/12/2015,1:26:26 PM,0.55544,263.9366,0.029881,0.000552,1.989397,-3.872538,6.02693,266.4801,263.6603,263.7747
8/12/2015,1:26:40 PM,0.555041,263.9371,0.029819,0.000552,1.997335,-3.872652,6.026993,266.5042,263.6645,263.7777
8/12/2015,1:26:54 PM,0.555196,263.9392,0.029746,0.000552,2.003805,-3.872424,6.027019,266.5228,263.6655,263.7786
8/12/2015,1:27:08 PM,0.55531,263.9367,0.029638,0.000551,2.012224,-3.872386,6.027019,266.5349,263.6662,263.7775
8/12/2015,1:27:22 PM,0.555232,263.937,0.029589,0.00055,2.019048,-3.87274,6.027044,266.54,263.6669,263.777
8/12/2015,1:27:36 PM,0.555265,263.9366,0.029524,0.000549,2.027277,-3.872614,6.026993,266.5323,263.6656,263.7757
8/12/2015,1:27:50 PM,0.555397,263.9317,0.029429,0.000549,2.034152,-3.872626,6.026981,266.5217,263.6659,263.777
8/12/2015,1:28:04 PM,0.555396,263.9326,0.02933,0.000549,2.042432,-3.872348,6.026993,266.4986,263.6639,263.776
8/12/2015,1:28:18 PM,0.555319,263.9323,0.029245,0.000547,2.048028,-3.872715,6.027031,266.4676,263.6646,263.7768
8/12/2015,1:28:32 PM,0.555445,263.9309,0.02916,0.000546,2.055459,-3.872727,6.027019,266.4311,263.6649,263.7755
8/12/2015,1:28:46 PM,0.555814,263.9299,0.029074,0.000546,2.061384,-3.872753,6.026981,266.3884,263.6633,263.7755
8/12/2015,1:29:00 PM,0.555767,263.9266,0.029032,0.000545,2.069348,-3.872462,6.027031,266.3435,263.6618,263.774
8/12/2015,1:29:14 PM,0.555416,263.9289,0.028944,0.000544,2.076197,-3.872424,6.026993,266.298,263.662,263.7737
8/12/2015,1:29:28 PM,0.555496,263.9244,0.028872,0.000545,2.082565,-3.87236,6.026955,266.2614,263.6631,263.7745
8/12/2015,1:29:42 PM,0.555577,263.926,0.028847,0.000544,2.090795,-3.87231,6.026955,266.2279,263.6608,263.7727
8/12/2015,1:29:56 PM,0.555813,263.9238,0.028809,0.000543,2.099252,-3.872664,6.027056,266.2015,263.6623,263.7747
8/12/2015,1:30:10 PM,0.555568,263.9212,0.028776,0.000544,2.104924,-3.872373,6.026892,266.1878,263.6593,263.7758
8/12/2015,1:30:24 PM,0.555283,263.9196,0.028711,0.000543,2.111318,-3.872411,6.026905,266.1759,263.6613,263.7737
8/12/2015,1:30:38 PM,0.555828,263.917,0.028678,0.000543,2.117103,-3.872234,6.026955,266.1731,263.66,263.7742
8/12/2015,1:30:52 PM,0.555801,263.9164,0.028627,0.000542,2.125016,-3.872259,6.026917,266.1754,263.6587,263.7721
8/12/2015,1:31:06 PM,0.555785,263.9128,0.028587,0.000542,2.131764,-3.872652,6.026892,266.185,263.6598,263.7716
8/12/2015,1:31:20 PM,0.555547,263.9138,0.028559,0.000541,2.136411,-3.872601,6.02693,266.1975,263.658,263.7713
8/12/2015,1:31:34 PM,0.555618,263.9109,0.028508,0.000541,2.144463,-3.872436,6.026879,266.2127,263.6575,263.7698
8/12/2015,1:31:48 PM,0.555642,263.9119,0.028419,0.00054,2.15216,-3.872145,6.026905,266.231,263.6574,263.7688
8/12/2015,1:32:02 PM,0.556009,263.9116,0.028358,0.000539,2.161846,-3.872411,6.026905,266.249,263.6541,263.7644
8/12/2015,1:32:16 PM,0.555955,263.9126,0.028314,0.000539,2.168745,-3.872639,6.02693,266.2709,263.6529,263.7639
8/12/2015,1:32:30 PM,0.55573,263.9093,0.028267,0.000539,2.174088,-3.872576,6.026917,266.2954,263.6515,263.7629
8/12/2015,1:32:44 PM,0.555595,263.9113,0.028208,0.000539,2.182254,-3.872348,6.026867,266.319,263.6522,263.7604
8/12/2015,1:32:58 PM,0.555834,263.9077,0.028264,0.000538,2.188103,-3.872411,6.026867,266.3408,263.6489,263.7609
8/12/2015,1:33:12 PM,0.555995,263.9117,0.0282,0.000537,2.195674,-3.872259,6.026854,266.3665,263.6494,263.7588
8/12/2015,1:33:26 PM,0.556298,263.908,0.028169,0.000537,2.202689,-3.872411,6.02693,266.3928,263.6497,263.7611
8/12/2015,1:33:40 PM,0.556145,263.9104,0.028113,0.000535,2.209348,-3.87231,6.026765,266.418,263.6483,263.7614
8/12/2015,1:33:54 PM,0.555671,263.9097,0.028087,0.000535,2.216717,-3.872297,6.02693,266.4453,263.6499,263.764
8/12/2015,1:34:08 PM,0.556288,263.9116,0.028034,0.000535,2.222844,-3.872082,6.026816,266.4695,263.6507,263.7679
8/12/2015,1:34:22 PM,0.556151,263.9152,0.028038,0.000534,2.22977,-3.872436,6.026879,266.4946,263.6517,263.7707
8/12/2015,1:34:36 PM,0.556064,263.9155,0.027986,0.000533,2.235707,-3.872487,6.026829,266.5196,263.6578,263.775
8/12/2015,1:34:50 PM,0.556079,263.9181,0.027876,0.000533,2.242949,-3.872576,6.026816,266.5449,263.6601,263.7779
8/12/2015,1:35:04 PM,0.556166,263.919,0.027865,0.000533,2.253179,-3.872234,6.026841,266.572,263.6632,263.7823
8/12/2015,1:35:18 PM,0.556399,263.9223,0.027798,0.000533,2.257876,-3.872196,6.02693,266.5944,263.6662,263.7843
8/12/2015,1:35:32 PM,0.555969,263.9266,0.027748,0.000533,2.263864,-3.872322,6.026816,266.6215,263.6689,263.7871
8/12/2015,1:35:46 PM,0.556304,263.9272,0.027715,0.000532,2.269777,-3.872424,6.026765,266.6455,263.6717,263.7903
8/12/2015,1:36:00 PM,0.556375,263.9318,0.027672,0.000531,2.277803,-3.872474,6.02674,266.669,263.6726,263.7893
8/12/2015,1:36:14 PM,0.556314,263.9348,0.027661,0.000531,2.284387,-3.872348,6.026791,266.6928,263.6754,263.7912
8/12/2015,1:36:29 PM,0.556297,263.9357,0.027656,0.00053,2.292186,-3.872133,6.026829,266.7129,263.6759,263.7923
8/12/2015,1:36:43 PM,0.556394,263.9382,0.02761,0.000529,2.298833,-3.87236,6.026803,266.7359,263.6762,263.7892
8/12/2015,1:36:57 PM,0.556578,263.939,0.027608,0.00053,2.306505,-3.872614,6.026765,266.7495,263.6779,263.7925
8/12/2015,1:37:11 PM,0.55637,263.9421,0.027587,0.00053,2.312772,-3.872576,6.026765,266.7656,263.6774,263.789
8/12/2015,1:37:25 PM,0.556379,263.9415,0.027583,0.00053,2.321533,-3.872259,6.026765,266.773,263.6791,263.7944
8/12/2015,1:37:39 PM,0.556379,263.9458,0.027543,0.00053,2.327471,-3.872196,6.026702,266.7727,263.6814,263.7892
8/12/2015,1:37:53 PM,0.556349,263.9477,0.027489,0.000529,2.334295,-3.872221,6.026702,266.7654,263.6821,263.7929
8/12/2015,1:38:07 PM,0.556123,263.9458,0.027435,0.000528,2.342929,-3.872322,6.026715,266.7487,263.6834,263.7922
8/12/2015,1:38:21 PM,0.556599,263.9483,0.027401,0.000528,2.347715,-3.872563,6.026677,266.7255,263.6852,263.7951
8/12/2015,1:38:35 PM,0.556403,263.9526,0.027278,0.000529,2.354083,-3.87236,6.026715,266.6932,263.6865,263.7961
8/12/2015,1:38:49 PM,0.556417,263.9509,0.027266,0.000528,2.361515,-3.872221,6.026651,266.6583,263.6871,263.7954
8/12/2015,1:39:03 PM,0.556342,263.9504,0.027231,0.000528,2.368541,-3.872538,6.026689,266.6152,263.6897,263.7954
8/12/2015,1:39:17 PM,0.556484,263.952,0.027145,0.000527,2.375163,-3.8725,6.026664,266.5752,263.6898,263.7957
8/12/2015,1:39:31 PM,0.556409,263.9548,0.02714,0.000527,2.381455,-3.872424,6.026651,266.5311,263.6927,263.7964
8/12/2015,1:39:45 PM,0.556403,263.9527,0.027099,0.000526,2.388532,-3.872297,6.026664,266.4875,263.6936,263.7996
8/12/2015,1:39:59 PM,0.55674,263.9566,0.027084,0.000527,2.395736,-3.872158,6.026677,266.45,263.6985,263.8009
8/12/2015,1:40:13 PM,0.556712,263.9548,0.027068,0.000526,2.403142,-3.872386,6.026677,266.4076,263.7007,263.8042
8/12/2015,1:40:27 PM,0.556411,263.9529,0.027033,0.000526,2.410359,-3.872487,6.026639,266.3679,263.7009,263.806
8/12/2015,1:40:41 PM,0.556504,263.9485,0.027025,0.000526,2.416132,-3.87231,6.026727,266.3263,263.7043,263.8107
8/12/2015,1:40:55 PM,0.556489,263.9458,0.026981,0.000526,2.422589,-3.872398,6.026639,266.276,263.7033,263.8111
8/12/2015,1:41:09 PM,0.556582,263.9419,0.026886,0.000526,2.428793,-3.872171,6.026677,266.2252,263.7079,263.8134
8/12/2015,1:41:23 PM,0.556857,263.9389,0.026857,0.000526,2.436693,-3.872474,6.026651,266.1654,263.7096,263.8188
8/12/2015,1:41:37 PM,0.556532,263.9376,0.026842,0.000526,2.443125,-3.872284,6.026626,266.1093,263.7157,263.8219
8/12/2015,1:41:51 PM,0.556686,263.932,0.026799,0.000525,2.451531,-3.872335,6.026626,266.0415,263.7175,263.8246
8/12/2015,1:42:05 PM,0.556738,263.9253,0.026741,0.000525,2.457241,-3.872171,6.026613,265.9752,263.72,263.8282
8/12/2015,1:42:19 PM,0.557047,263.9207,0.02669,0.000525,2.464116,-3.872171,6.026563,265.915,263.7213,263.8299
8/12/2015,1:42:33 PM,0.557033,263.9152,0.026678,0.000524,2.471952,-3.872133,6.02655,265.8539,263.7186,263.8308
8/12/2015,1:42:47 PM,0.556706,263.9137,0.02667,0.000524,2.478903,-3.872069,6.026563,265.8079,263.7208,263.8305
8/12/2015,1:43:01 PM,0.556902,263.9091,0.026615,0.000524,2.484967,-3.872322,6.026563,265.7727,263.7196,263.832
8/12/2015,1:43:15 PM,0.556759,263.9042,0.026618,0.000525,2.491981,-3.872246,6.02655,265.7458,263.72,263.8317
8/12/2015,1:43:29 PM,0.556681,263.9013,0.026595,0.000525,2.4994,-3.872044,6.026588,265.7356,263.7223,263.8329
8/12/2015,1:43:43 PM,0.557355,263.9004,0.026551,0.000524,2.506326,-3.871879,6.02655,265.7311,263.7177,263.8304
8/12/2015,1:43:57 PM,0.557135,263.8994,0.026566,0.000525,2.511833,-3.871968,6.026487,265.7381,263.7179,263.8327
8/12/2015,1:44:11 PM,0.557128,263.8962,0.026576,0.000525,2.51867,-3.872069,6.026512,265.748,263.7175,263.8316
8/12/2015,1:44:25 PM,0.557369,263.8951,0.02654,0.000525,2.525646,-3.87231,6.026512,265.7631,263.716,263.8311
8/12/2015,1:44:39 PM,0.557408,263.8932,0.026547,0.000525,2.531508,-3.87231,6.026499,265.7849,263.715,263.8308
8/12/2015,1:44:53 PM,0.556978,263.8935,0.026496,0.000525,2.538952,-3.871981,6.026499,265.8077,263.7106,263.8284
8/12/2015,1:45:07 PM,0.557144,263.8906,0.026427,0.000526,2.54546,-3.871892,6.026499,265.8331,263.7109,263.8279
8/12/2015,1:45:21 PM,0.557477,263.8932,0.026413,0.000525,2.550764,-3.872006,6.026423,265.8623,263.7088,263.8252
8/12/2015,1:45:35 PM,0.557194,263.889,0.026375,0.000525,2.558918,-3.872335,6.026461,265.8909,263.7074,263.8237
8/12/2015,1:45:49 PM,0.556981,263.8866,0.026357,0.000526,2.565349,-3.871981,6.026423,265.9228,263.7057,263.8222
8/12/2015,1:46:03 PM,0.557374,263.8912,0.026369,0.000526,2.572933,-3.872031,6.026461,265.958,263.7041,263.819
8/12/2015,1:46:17 PM,0.557509,263.8903,0.026358,0.000521,2.579453,-3.872133,6.026474,265.9897,263.7042,263.8195
8/12/2015,1:46:31 PM,0.557149,263.8916,0.026323,0.000521,2.585226,-3.872133,6.026461,266.0255,263.7044,263.8175
8/12/2015,1:46:45 PM,0.557127,263.8957,0.026306,0.000522,2.59243,-3.872348,6.026461,266.0648,263.7076,263.8163
8/12/2015,1:46:59 PM,0.557228,263.8995,0.026304,0.000522,2.599127,-3.872246,6.026411,266.0995,263.7072,263.816
8/12/2015,1:47:13 PM,0.557469,263.9069,0.026308,0.000522,2.60685,-3.872006,6.026436,266.1384,263.7097,263.8193
8/12/2015,1:47:27 PM,0.55722,263.9087,0.026296,0.000523,2.614143,-3.871943,6.026436,266.175,263.7132,263.8225
8/12/2015,1:47:41 PM,0.557403,263.9184,0.026295,0.000522,2.619903,-3.872335,6.026423,266.2122,263.7161,263.824
8/12/2015,1:47:55 PM,0.557509,263.9216,0.026269,0.000523,2.626854,-3.872183,6.026525,266.2483,263.7228,263.8283
8/12/2015,1:48:09 PM,0.557466,263.9241,0.02626,0.000523,2.633108,-3.871981,6.026411,266.2848,263.7266,263.8306
8/12/2015,1:48:23 PM,0.557518,263.9321,0.026225,0.000523,2.638717,-3.871993,6.026461,266.32,263.7291,263.8327
8/12/2015,1:48:37 PM,0.557569,263.9299,0.026203,0.000522,2.646009,-3.871867,6.026411,266.3496,263.7318,263.8367
8/12/2015,1:48:51 PM,0.557769,263.9303,0.026187,0.000522,2.651251,-3.872284,6.026411,266.3829,263.7325,263.8375
8/12/2015,1:49:05 PM,0.557247,263.9334,0.026161,0.000523,2.660012,-3.872145,6.026335,266.4132,263.7346,263.8371
8/12/2015,1:49:19 PM,0.557319,263.9314,0.026176,0.000522,2.66557,-3.871981,6.026373,266.4411,263.7367,263.8404
8/12/2015,1:49:33 PM,0.557803,263.9347,0.026162,0.000523,2.671508,-3.871892,6.026322,266.4677,263.736,263.8416
8/12/2015,1:49:47 PM,0.557499,263.9292,0.026138,0.000523,2.678648,-3.872196,6.026423,266.4885,263.7353,263.8393
8/12/2015,1:50:01 PM,0.557665,263.929,0.02612,0.000523,2.685257,-3.872221,6.026297,266.5012,263.7336,263.8365
8/12/2015,1:50:15 PM,0.557474,263.928,0.026165,0.000523,2.690916,-3.872069,6.026234,266.5111,263.7315,263.8342
8/12/2015,1:50:29 PM,0.557619,263.9247,0.026111,0.000523,2.697322,-3.871841,6.026284,266.5104,263.7315,263.8308
8/12/2015,1:50:43 PM,0.557624,263.9251,0.026147,0.000524,2.704463,-3.8715,6.026284,266.499,263.7274,263.8301
8/12/2015,1:50:57 PM,0.557684,263.9215,0.026086,0.000523,2.712211,-3.871905,6.026284,266.4822,263.7266,263.8293
8/12/2015,1:51:11 PM,0.557385,263.9209,0.026076,0.000523,2.716807,-3.872107,6.026246,266.4551,263.7246,263.8271
8/12/2015,1:51:25 PM,0.557686,263.918,0.026063,0.000523,2.723555,-3.871993,6.026259,266.4193,263.723,263.8224
8/12/2015,1:51:39 PM,0.557643,263.9193,0.026035,0.000523,2.730063,-3.872234,6.026272,266.3794,263.7223,263.8224
8/12/2015,1:51:53 PM,0.557617,263.9128,0.026,0.000523,2.738495,-3.872246,6.026234,266.3333,263.7207,263.8181
8/12/2015,1:52:07 PM,0.558016,263.9111,0.026024,0.000523,2.744394,-3.871968,6.026208,266.2879,263.7199,263.816
8/12/2015,1:52:20 PM,0.557671,263.9119,0.025928,0.000522,2.750978,-3.87193,6.026196,266.2396,263.7174,263.8159
8/12/2015,1:52:34 PM,0.557798,263.9063,0.025931,0.000523,2.758916,-3.872056,6.026196,266.2024,263.7161,263.8184
8/12/2015,1:52:48 PM,0.55748,263.9068,0.025898,0.000522,2.766753,-3.871575,6.026158,266.1684,263.7168,263.8163
8/12/2015,1:53:02 PM,0.55784,263.9039,0.025914,0.000521,2.772994,-3.871753,6.02631,266.144,263.7177,263.8196
8/12/2015,1:53:16 PM,0.55801,263.9044,0.025859,0.00052,2.779224,-3.87193,6.02617,266.1311,263.7173,263.8204
8/12/2015,1:53:30 PM,0.557806,263.9056,0.025861,0.000522,2.78806,-3.871981,6.026221,266.1252,263.7224,263.8247
8/12/2015,1:53:44 PM,0.558037,263.9077,0.025838,0.000521,2.795404,-3.872133,6.026158,266.1255,263.7237,263.8268
8/12/2015,1:53:58 PM,0.557955,263.9128,0.025811,0.000521,2.80186,-3.872006,6.026145,266.1357,263.7284,263.834
8/12/2015,1:54:12 PM,0.558008,263.9108,0.025793,0.000521,2.808735,-3.872107,6.026208,266.1474,263.7326,263.8362
8/12/2015,1:54:26 PM,0.558075,263.9158,0.025794,0.00052,2.816167,-3.872183,6.026094,266.1658,263.7374,263.8395
8/12/2015,1:54:40 PM,0.557951,263.9218,0.025716,0.00052,2.822003,-3.871905,6.026132,266.1883,263.7405,263.8433
8/12/2015,1:54:54 PM,0.557993,263.9229,0.02574,0.000519,2.827941,-3.871791,6.026094,266.2081,263.7438,263.8463
8/12/2015,1:55:08 PM,0.558158,263.928,0.025724,0.00052,2.833866,-3.872107,6.026056,266.2359,263.7496,263.8486
8/12/2015,1:55:22 PM,0.557959,263.932,0.025728,0.000519,2.842691,-3.871715,6.026107,266.2609,263.7493,263.8504
8/12/2015,1:55:35 PM,0.558049,263.937,0.025664,0.000519,2.848743,-3.871867,6.026056,266.2887,263.752,263.8515
8/12/2015,1:55:49 PM,0.558239,263.938,0.025669,0.00052,2.854718,-3.871917,6.026044,266.3151,263.7507,263.8529
8/12/2015,1:56:03 PM,0.558372,263.939,0.025676,0.000519,2.863555,-3.872082,6.026094,266.3423,263.7526,263.852
8/12/2015,1:56:17 PM,0.558227,263.9425,0.025683,0.000519,2.868164,-3.87212,6.026082,266.3682,263.7496,263.8514
8/12/2015,1:56:31 PM,0.558211,263.9416,0.025702,0.00052,2.874,-3.872107,6.026082,266.3969,263.7488,263.8508
8/12/2015,1:56:45 PM,0.558145,263.9407,0.025709,0.000519,2.881115,-3.871993,6.026069,266.4237,263.7473,263.8521
8/12/2015,1:56:59 PM,0.558284,263.9405,0.025702,0.000519,2.887294,-3.872006,6.026006,266.4516,263.743,263.8514
8/12/2015,1:57:13 PM,0.558336,263.9415,0.025709,0.00052,2.895371,-3.871791,6.026006,266.4765,263.742,263.849
8/12/2015,1:57:27 PM,0.558206,263.9392,0.025719,0.000519,2.902208,-3.87174,6.025993,266.4961,263.74,263.8486
8/12/2015,1:57:41 PM,0.558628,263.9414,0.025693,0.00052,2.908145,-3.871537,6.025968,266.5123,263.7369,263.8465
8/12/2015,1:57:55 PM,0.558405,263.9425,0.025699,0.000519,2.914704,-3.871715,6.026018,266.5223,263.7346,263.843
8/12/2015,1:58:09 PM,0.558274,263.9383,0.025684,0.000519,2.92187,-3.871993,6.025968,266.5216,263.731,263.8417
8/12/2015,1:58:23 PM,0.558169,263.936,0.025694,0.000518,2.927339,-3.87193,6.02598,266.514,263.7295,263.8397
8/12/2015,1:58:37 PM,0.558571,263.9318,0.025673,0.000519,2.933796,-3.871689,6.026006,266.4958,263.7269,263.8355
8/12/2015,1:58:51 PM,0.558328,263.9338,0.025655,0.000518,2.93867,-3.871917,6.02598,266.4703,263.7274,263.8327
8/12/2015,1:59:04 PM,0.558258,263.9294,0.025647,0.000519,2.945102,-3.871626,6.025968,266.4387,263.7259,263.8326
8/12/2015,1:59:18 PM,0.558283,263.928,0.02561,0.000518,2.95142,-3.871525,6.025955,266.401,263.727,263.8324
8/12/2015,1:59:32 PM,0.558567,263.9275,0.02561,0.000519,2.959193,-3.871715,6.026018,266.3573,263.7285,263.8298
8/12/2015,1:59:46 PM,0.558239,263.9229,0.025636,0.000519,2.965371,-3.871778,6.02598,266.3121,263.7293,263.8331
8/12/2015,2:00:00 PM,0.558424,263.921,0.025613,0.000518,2.97179,-3.871715,6.025942,266.268,263.7327,263.8335
8/12/2015,2:00:14 PM,0.558335,263.9219,0.025594,0.000518,2.979386,-3.871879,6.025968,266.2296,263.7346,263.835
8/12/2015,2:00:28 PM,0.558862,263.9197,0.025651,0.000519,2.988958,-3.872031,6.025892,266.1985,263.7346,263.8378
8/12/2015,2:00:42 PM,0.558728,263.9223,0.025603,0.000519,2.994098,-3.871854,6.025867,266.1747,263.7389,263.8409
8/12/2015,2:00:56 PM,0.558433,263.9221,0.025677,0.000519,3.00034,-3.872018,6.026006,266.1592,263.7421,263.8441
8/12/2015,2:01:10 PM,0.558733,263.9238,0.025657,0.000519,3.006556,-3.871917,6.025879,266.1535,263.7475,263.8486
8/12/2015,2:01:24 PM,0.558467,263.9277,0.025667,0.000519,3.012848,-3.872006,6.025917,266.154,263.7497,263.8527
8/12/2015,2:01:38 PM,0.558678,263.9306,0.025634,0.00052,3.020394,-3.871879,6.025841,266.1615,263.7523,263.855
8/12/2015,2:01:52 PM,0.558803,263.9329,0.025629,0.00052,3.026775,-3.871867,6.025829,266.1713,263.7523,263.8557
8/12/2015,2:02:06 PM,0.558672,263.9378,0.025581,0.000519,3.032915,-3.872056,6.025841,266.1878,263.7525,263.8564
8/12/2015,2:02:19 PM,0.558466,263.9405,0.025621,0.00052,3.038954,-3.871981,6.025791,266.2065,263.7548,263.8545
8/12/2015,2:02:33 PM,0.558784,263.9437,0.025606,0.000519,3.047108,-3.871892,6.025765,266.2292,263.7562,263.8588
8/12/2015,2:02:47 PM,0.558624,263.9438,0.025612,0.000519,3.05416,-3.871841,6.025816,266.2542,263.7555,263.8573
8/12/2015,2:03:01 PM,0.558577,263.9473,0.025606,0.000519,3.061275,-3.871879,6.025854,266.2779,263.7559,263.8555
8/12/2015,2:03:15 PM,0.55899,263.9483,0.025575,0.000519,3.066909,-3.871917,6.025854,266.3026,263.7543,263.8567
8/12/2015,2:03:29 PM,0.558531,263.9503,0.025587,0.00052,3.073454,-3.871943,6.025829,266.3276,263.754,263.8546
8/12/2015,2:03:43 PM,0.558772,263.9496,0.025613,0.000521,3.079405,-3.871968,6.025829,266.3534,263.7524,263.8543
8/12/2015,2:03:57 PM,0.55891,263.9506,0.025579,0.00052,3.088596,-3.872145,6.025829,266.3802,263.7562,263.8544
8/12/2015,2:04:11 PM,0.558653,263.9492,0.025569,0.000521,3.092496,-3.872006,6.025816,266.4087,263.7572,263.8569
8/12/2015,2:04:25 PM,0.559037,263.9466,0.025563,0.000521,3.09861,-3.871816,6.025867,266.4377,263.7604,263.8584
8/12/2015,2:04:39 PM,0.559105,263.9466,0.025522,0.000521,3.104245,-3.871943,6.025803,266.4643,263.7631,263.8594
8/12/2015,2:04:53 PM,0.55879,263.9446,0.025504,0.000521,3.110739,-3.871829,6.025816,266.491,263.7627,263.8656
8/12/2015,2:05:07 PM,0.558913,263.9427,0.025485,0.000521,3.117766,-3.871715,6.025816,266.5128,263.7661,263.8617
8/12/2015,2:05:21 PM,0.558915,263.9423,0.025424,0.000521,3.122501,-3.871386,6.025791,266.5294,263.7693,263.8658
8/12/2015,2:05:35 PM,0.558653,263.9413,0.025456,0.000521,3.129743,-3.871664,6.025803,266.539,263.7719,263.8684
8/12/2015,2:05:48 PM,0.558893,263.9402,0.025414,0.000522,3.135389,-3.87155,6.025778,266.5406,263.7734,263.8702
8/12/2015,2:06:02 PM,0.559081,263.9391,0.025435,0.000521,3.143087,-3.871917,6.025765,266.531,263.7736,263.8697
8/12/2015,2:06:16 PM,0.559155,263.9376,0.02539,0.000521,3.149784,-3.871892,6.025727,266.5134,263.773,263.8699
8/12/2015,2:06:30 PM,0.558936,263.9389,0.025456,0.000522,3.156533,-3.871955,6.025702,266.4874,263.7724,263.8679
8/12/2015,2:06:44 PM,0.558988,263.9358,0.025424,0.000522,3.161926,-3.871715,6.02574,266.4542,263.7699,263.8675
8/12/2015,2:06:58 PM,0.559344,263.939,0.025421,0.000523,3.167826,-3.871588,6.025778,266.4141,263.7706,263.8667
8/12/2015,2:07:12 PM,0.559298,263.9398,0.025351,0.000523,3.175739,-3.871449,6.025715,266.3678,263.7699,263.8667
8/12/2015,2:07:26 PM,0.55917,263.9427,0.025354,0.000522,3.181145,-3.871715,6.025727,266.3239,263.7691,263.8641
8/12/2015,2:07:40 PM,0.559374,263.9423,0.025368,0.000522,3.189019,-3.871462,6.025677,266.2751,263.7708,263.8642
8/12/2015,2:07:54 PM,0.559502,263.9467,0.025365,0.000522,3.195388,-3.871487,6.025664,266.2404,263.7714,263.8676
8/12/2015,2:08:08 PM,0.559385,263.9447,0.025319,0.000522,3.200604,-3.871626,6.025727,266.2075,263.7722,263.8678
8/12/2015,2:08:22 PM,0.559501,263.9484,0.025314,0.000523,3.207225,-3.871879,6.02574,266.1818,263.7745,263.867
8/12/2015,2:08:36 PM,0.55919,263.9498,0.025288,0.000523,3.214024,-3.871968,6.025778,266.1689,263.7743,263.8682
8/12/2015,2:08:50 PM,0.559664,263.9529,0.025261,0.000523,3.222886,-3.871829,6.025715,266.1567,263.7756,263.8655
8/12/2015,2:09:03 PM,0.559522,263.9531,0.025276,0.000523,3.22933,-3.871664,6.025651,266.1562,263.7729,263.8645
8/12/2015,2:09:17 PM,0.559474,263.954,0.025282,0.000523,3.236015,-3.871487,6.025613,266.1623,263.7744,263.8636
8/12/2015,2:09:31 PM,0.559598,263.9563,0.025295,0.000524,3.242434,-3.871398,6.025651,266.1706,263.7754,263.8626
8/12/2015,2:09:45 PM,0.559506,263.9547,0.025283,0.000524,3.24846,-3.871601,6.025651,266.1847,263.7739,263.8623
8/12/2015,2:09:59 PM,0.559773,263.9549,0.025293,0.000524,3.254171,-3.871829,6.025677,266.1981,263.774,263.8619
8/12/2015,2:10:13 PM,0.559361,263.9544,0.025328,0.000524,3.261235,-3.871841,6.025639,266.2121,263.7742,263.8623
8/12/2015,2:10:27 PM,0.559412,263.9521,0.025334,0.000525,3.267249,-3.871867,6.025601,266.2215,263.7723,263.8643
8/12/2015,2:10:41 PM,0.559639,263.948,0.025315,0.000525,3.274263,-3.871575,6.025575,266.2258,263.7722,263.8629
8/12/2015,2:10:55 PM,0.559574,263.9464,0.025353,0.000526,3.281062,-3.871778,6.025537,266.2239,263.7723,263.866
8/12/2015,2:11:09 PM,0.559553,263.9427,0.025329,0.000525,3.285455,-3.8715,6.025588,266.209,263.7745,263.8683
8/12/2015,2:11:23 PM,0.559691,263.9401,0.025319,0.000525,3.292557,-3.871436,6.025588,266.1894,263.7728,263.8696
8/12/2015,2:11:37 PM,0.559763,263.9365,0.025328,0.000526,3.298609,-3.871221,6.025563,266.1611,263.7767,263.873
8/12/2015,2:11:51 PM,0.559784,263.9296,0.025287,0.000526,3.305458,-3.871474,6.025537,266.1265,263.7782,263.874
8/12/2015,2:12:05 PM,0.559502,263.9276,0.025295,0.000526,3.310459,-3.871563,6.025575,266.0875,263.7757,263.8769
8/12/2015,2:12:19 PM,0.559949,263.9214,0.025307,0.000526,3.316081,-3.871639,6.025575,266.0412,263.7798,263.8765
8/12/2015,2:12:32 PM,0.55958,263.9214,0.025288,0.000526,3.324006,-3.871791,6.025563,265.995,263.7802,263.8764
8/12/2015,2:12:46 PM,0.559473,263.919,0.025294,0.000526,3.330716,-3.871778,6.025499,265.9506,263.7779,263.8771
8/12/2015,2:13:00 PM,0.559634,263.9175,0.02532,0.000527,3.336705,-3.871727,6.025499,265.9149,263.7823,263.8764
8/12/2015,2:13:14 PM,0.559806,263.9161,0.025257,0.000527,3.342706,-3.871702,6.025487,265.8858,263.7791,263.8753
8/12/2015,2:13:28 PM,0.559401,263.9151,0.025314,0.000526,3.349517,-3.8715,6.025461,265.8695,263.7821,263.878
8/12/2015,2:13:42 PM,0.559537,263.9208,0.025296,0.000527,3.356569,-3.871462,6.025499,265.8593,263.7818,263.8755
8/12/2015,2:13:56 PM,0.559971,263.9202,0.025341,0.000527,3.362659,-3.871398,6.025436,265.8584,263.7847,263.8786
8/12/2015,2:14:10 PM,0.560102,263.9238,0.025303,0.000528,3.369635,-3.871259,6.025499,265.8629,263.7842,263.8785
8/12/2015,2:14:24 PM,0.559506,263.9251,0.025323,0.000527,3.375813,-3.871639,6.025474,265.8775,263.7843,263.8794
8/12/2015,2:14:38 PM,0.559748,263.9281,0.025311,0.000528,3.382776,-3.871765,6.025449,265.8936,263.7866,263.8801
8/12/2015,2:14:52 PM,0.559943,263.9326,0.025325,0.000528,3.389398,-3.871525,6.025436,265.9136,263.7859,263.8794
8/12/2015,2:15:06 PM,0.560106,263.934,0.02532,0.000527,3.395728,-3.87155,6.025461,265.9373,263.7836,263.88
8/12/2015,2:15:20 PM,0.560158,263.9335,0.025309,0.000528,3.401704,-3.871651,6.025461,265.9619,263.7855,263.8781
8/12/2015,2:15:34 PM,0.560139,263.9341,0.025286,0.000529,3.406831,-3.87136,6.025436,265.9891,263.7821,263.8785
8/12/2015,2:15:47 PM,0.560553,263.9315,0.025332,0.000528,3.413225,-3.871246,6.025411,266.0167,263.7819,263.8792
8/12/2015,2:16:01 PM,0.560279,263.9317,0.025329,0.000529,3.41896,-3.871272,6.025411,266.0462,263.7811,263.8775
8/12/2015,2:16:15 PM,0.56051,263.9313,0.025306,0.000529,3.426645,-3.871348,6.025461,266.0747,263.7803,263.8795
8/12/2015,2:16:29 PM,0.560453,263.9307,0.025299,0.000529,3.432684,-3.871639,6.025398,266.1059,263.7812,263.8775
8/12/2015,2:16:43 PM,0.560242,263.9284,0.025324,0.000529,3.43952,-3.871398,6.025347,266.1392,263.7823,263.8816
8/12/2015,2:16:57 PM,0.560434,263.9304,0.025314,0.00053,3.445192,-3.871436,6.02536,266.1719,263.7855,263.8801
8/12/2015,2:17:11 PM,0.560253,263.9298,0.025331,0.000529,3.451194,-3.871449,6.025398,266.2021,263.7863,263.8834
8/12/2015,2:17:25 PM,0.560642,263.9292,0.025318,0.00053,3.458853,-3.871537,6.025297,266.2334,263.7897,263.884
8/12/2015,2:17:39 PM,0.560486,263.926,0.025356,0.00053,3.464829,-3.871462,6.025373,266.2656,263.7904,263.8827
8/12/2015,2:17:53 PM,0.560235,263.928,0.025317,0.000531,3.46907,-3.871398,6.025259,266.2984,263.793,263.8867
8/12/2015,2:18:07 PM,0.560253,263.9241,0.02533,0.000531,3.477578,-3.871436,6.025284,266.3272,263.7909,263.8838
8/12/2015,2:18:21 PM,0.560499,263.9244,0.025329,0.000532,3.485365,-3.871398,6.025208,266.3576,263.7909,263.8835
8/12/2015,2:18:35 PM,0.560414,263.9271,0.02532,0.000533,3.491226,-3.871322,6.025246,266.3847,263.7888,263.8801
8/12/2015,2:18:49 PM,0.560681,263.9243,0.025357,0.000532,3.497113,-3.871208,6.025233,266.4129,263.7872,263.8774
8/12/2015,2:19:02 PM,0.560385,263.9261,0.025328,0.000532,3.50357,-3.871234,6.025195,266.4428,263.7865,263.8766
8/12/2015,2:19:16 PM,0.560768,263.9289,0.025277,0.000532,3.50928,-3.871373,6.025347,266.4702,263.7832,263.8764
8/12/2015,2:19:30 PM,0.560391,263.9278,0.025288,0.000533,3.51556,-3.871297,6.025221,266.4964,263.7826,263.8739
8/12/2015,2:19:44 PM,0.560489,263.9315,0.025306,0.000533,3.520004,-3.871322,6.025271,266.5229,263.7811,263.8743
8/12/2015,2:19:58 PM,0.560614,263.9344,0.025286,0.000534,3.526131,-3.871183,6.025297,266.5516,263.7798,263.8716
8/12/2015,2:20:12 PM,0.560123,263.939,0.025321,0.000533,3.534158,-3.871183,6.025322,266.5779,263.7788,263.8749
8/12/2015,2:20:26 PM,0.560363,263.9377,0.025256,0.000534,3.540197,-3.871411,6.025322,266.6031,263.7778,263.8725
8/12/2015,2:20:40 PM,0.560346,263.9453,0.025275,0.000534,3.546021,-3.871474,6.025246,266.6294,263.7792,263.8754
8/12/2015,2:20:54 PM,0.560347,263.9439,0.02531,0.000534,3.552338,-3.871462,6.025208,266.6523,263.7795,263.8747
8/12/2015,2:21:08 PM,0.560556,263.9464,0.025306,0.000535,3.559112,-3.871322,6.025195,266.6753,263.7782,263.8749
8/12/2015,2:21:22 PM,0.560502,263.9479,0.025293,0.000535,3.56586,-3.87112,6.025183,266.6995,263.7769,263.8765
8/12/2015,2:21:36 PM,0.560534,263.9508,0.025319,0.000535,3.57138,-3.871069,6.025259,266.7211,263.7752,263.8734
8/12/2015,2:21:50 PM,0.560776,263.9529,0.025286,0.000535,3.579027,-3.871234,6.025284,266.744,263.7776,263.8742
8/12/2015,2:22:03 PM,0.560968,263.9565,0.025304,0.000535,3.585661,-3.871386,6.025195,266.7648,263.7773,263.8744
8/12/2015,2:22:17 PM,0.561145,263.9599,0.02528,0.000535,3.592587,-3.87136,6.025195,266.787,263.7797,263.8744
8/12/2015,2:22:31 PM,0.560835,263.9643,0.025299,0.000535,3.59741,-3.871563,6.025145,266.8067,263.7797,263.8772
8/12/2015,2:22:45 PM,0.561002,263.9676,0.025312,0.000536,3.603652,-3.871411,6.025233,266.8275,263.7821,263.8774
8/12/2015,2:22:59 PM,0.561055,263.9727,0.025351,0.000536,3.609792,-3.871196,6.025157,266.8404,263.7823,263.8784
8/12/2015,2:23:13 PM,0.561039,263.9748,0.025353,0.000537,3.616844,-3.871094,6.025271,266.8528,263.787,263.8823
8/12/2015,2:23:27 PM,0.560902,263.9767,0.025342,0.000537,3.622921,-3.870904,6.025132,266.8585,263.7895,263.8844
8/12/2015,2:23:41 PM,0.560956,263.978,0.025358,0.000537,3.628606,-3.871145,6.025132,266.8567,263.7914,263.8883
8/12/2015,2:23:55 PM,0.561173,263.9796,0.025374,0.000536,3.635379,-3.871335,6.025221,266.8512,263.7946,263.8896
8/12/2015,2:24:09 PM,0.561193,263.9813,0.02538,0.000536,3.642722,-3.871335,6.025132,266.8324,263.795,263.8922
8/12/2015,2:24:23 PM,0.561426,263.985,0.025416,0.000538,3.648457,-3.871373,6.025119,266.8094,263.7991,263.8936
8/12/2015,2:24:37 PM,0.561444,263.9813,0.025417,0.000538,3.65518,-3.871132,6.025119,266.7794,263.7965,263.894
8/12/2015,2:24:51 PM,0.561121,263.9838,0.025417,0.000538,3.662245,-3.871398,6.025056,266.7421,263.7975,263.8952
8/12/2015,2:25:05 PM,0.561302,263.9798,0.02539,0.000537,3.668423,-3.871322,6.025043,266.6995,263.7961,263.8937
8/12/2015,2:25:19 PM,0.561073,263.9817,0.025404,0.000538,3.67464,-3.871221,6.025081,266.6556,263.793,263.8917
8/12/2015,2:25:33 PM,0.561495,263.9772,0.025407,0.000539,3.680362,-3.870955,6.025005,266.6108,263.7935,263.8914
8/12/2015,2:25:46 PM,0.561284,263.9792,0.025415,0.000539,3.688022,-3.871018,6.025031,266.5685,263.7937,263.8903
8/12/2015,2:26:00 PM,0.561222,263.9783,0.025437,0.000539,3.69325,-3.87093,6.025107,266.5245,263.7919,263.8881
8/12/2015,2:26:14 PM,0.561257,263.9763,0.025385,0.00054,3.700632,-3.870917,6.025031,266.4852,263.7926,263.8907
8/12/2015,2:26:28 PM,0.561181,263.9732,0.025458,0.00054,3.707202,-3.871132,6.025081,266.4403,263.7915,263.8915
8/12/2015,2:26:42 PM,0.561585,263.9725,0.025426,0.00054,3.713659,-3.871145,6.025043,266.3945,263.7944,263.8922
8/12/2015,2:26:56 PM,0.561222,263.9711,0.025406,0.000541,3.719876,-3.871234,6.025069,266.344,263.7963,263.8937
8/12/2015,2:27:10 PM,0.56116,263.9668,0.025388,0.00054,3.726586,-3.871398,6.024968,266.2868,263.7974,263.8926
8/12/2015,2:27:24 PM,0.561507,263.9675,0.02549,0.000541,3.732928,-3.87112,6.02498,266.2253,263.7998,263.8953
8/12/2015,2:27:38 PM,0.561429,263.9676,0.025507,0.00054,3.738854,-3.87098,6.024968,266.1626,263.8026,263.8955
8/12/2015,2:27:52 PM,0.561208,263.9638,0.025447,0.000541,3.746273,-3.871056,6.02493,266.0964,263.804,263.8981
8/12/2015,2:28:06 PM,0.561383,263.9631,0.025486,0.000542,3.752033,-3.870829,6.024942,266.0286,263.8082,263.9
8/12/2015,2:28:20 PM,0.561639,263.9608,0.025456,0.00054,3.759351,-3.871208,6.024955,265.9609,263.809,263.9006
8/12/2015,2:28:34 PM,0.561767,263.9607,0.025476,0.00054,3.765086,-3.870892,6.02498,265.9028,263.8112,263.9028
8/12/2015,2:28:48 PM,0.561292,263.9546,0.025384,0.000541,3.772214,-3.871132,6.024955,265.8528,263.8114,263.9041
8/12/2015,2:29:01 PM,0.561423,263.9583,0.025438,0.000541,3.777899,-3.871272,6.024993,265.8169,263.8126,263.9051
8/12/2015,2:29:15 PM,0.561453,263.9544,0.025454,0.000543,3.784786,-3.87131,6.024917,265.7915,263.8157,263.9078
8/12/2015,2:29:29 PM,0.561638,263.9524,0.025423,0.000543,3.790838,-3.871221,6.024993,265.7771,263.8156,263.9092
8/12/2015,2:29:43 PM,0.561682,263.9504,0.025455,0.000543,3.797155,-3.871234,6.024942,265.7751,263.8185,263.9123
8/12/2015,2:29:57 PM,0.561392,263.9491,0.025451,0.000543,3.801941,-3.870942,6.024917,265.7777,263.8194,263.9143
8/12/2015,2:30:11 PM,0.56158,263.948,0.025432,0.000542,3.807841,-3.871006,6.024942,265.788,263.8191,263.9148
8/12/2015,2:30:25 PM,0.561647,263.9435,0.025458,0.000543,3.815361,-3.87098,6.02493,265.8046,263.818,263.9136
8/12/2015,2:30:39 PM,0.561798,263.9391,0.025449,0.000543,3.821679,-3.871044,6.024955,265.8219,263.8161,263.9109
8/12/2015,2:30:53 PM,0.561613,263.9399,0.025473,0.000543,3.829452,-3.87112,6.024904,265.8469,263.813,263.9096
8/12/2015,2:31:07 PM,0.561956,263.9346,0.025478,0.000542,3.835669,-3.871297,6.024892,265.8676,263.8148,263.9048
8/12/2015,2:31:21 PM,0.561899,263.9381,0.025452,0.000543,3.842923,-3.87117,6.024904,265.8967,263.8131,263.9058
8/12/2015,2:31:35 PM,0.561429,263.9346,0.025454,0.000542,3.848722,-3.871018,6.024904,265.9242,263.8148,263.9037
8/12/2015,2:31:49 PM,0.561633,263.9364,0.025402,0.000542,3.855546,-3.870968,6.024904,265.9548,263.8139,263.9009
8/12/2015,2:32:03 PM,0.56157,263.9328,0.025458,0.000542,3.86161,-3.870829,6.024968,265.9885,263.8127,263.9003
8/12/2015,2:32:16 PM,0.561752,263.9342,0.025418,0.000542,3.868016,-3.870942,6.024854,266.0231,263.814,263.9
8/12/2015,2:32:30 PM,0.561896,263.9358,0.025386,0.000542,3.874916,-3.870778,6.024841,266.0574,263.813,263.898
8/12/2015,2:32:44 PM,0.562322,263.9375,0.025351,0.000542,3.881462,-3.871018,6.026715,266.0929,263.8122,263.8986
8/12/2015,2:32:58 PM,0.56227,263.9392,0.023477,0.000519,3.882931,-3.870904,6.024778,266.1292,263.8137,263.8992
8/12/2015,2:33:12 PM,0.561006,263.9415,0.020216,0.000288,3.861483,-3.870829,6.02498,266.166,263.8116,263.8993
8/12/2015,2:33:26 PM,0.560372,263.9446,0.006698,0.000279,3.797054,-3.870715,6.024841,266.1987,263.8136,263.8977
8/12/2015,2:33:40 PM,0.559952,263.9472,0.006703,0.000281,3.731662,-3.870841,6.024816,266.237,263.8151,263.9009
8/12/2015,2:33:54 PM,0.55985,263.9454,0.006664,0.000282,3.666321,-3.870778,6.024879,266.271,263.8133,263.8964
8/12/2015,2:34:08 PM,0.559698,263.9473,0.006704,0.000284,3.602234,-3.870816,6.024854,266.3039,263.8135,263.8984
8/12/2015,2:34:22 PM,0.559563,263.9492,0.006687,0.000284,3.538121,-3.870715,6.024892,266.3396,263.8147,263.8974
8/12/2015,2:34:36 PM,0.559084,263.9514,0.00662,0.000284,3.491631,-3.875348,6.02493,266.3712,263.819,263.9015
8/12/2015,2:34:50 PM,0.558894,263.9561,0.006582,0.00028,3.410503,-3.870854,6.024904,266.4027,263.8211,263.9035
8/12/2015,2:35:04 PM,0.558492,263.9571,0.00655,0.000281,3.321246,-3.870778,6.024955,266.4344,263.8268,263.9071
8/12/2015,2:35:18 PM,0.558094,263.9588,0.006537,0.000281,3.232939,-3.870765,6.024968,266.4657,263.8305,263.9106
8/12/2015,2:35:32 PM,0.557964,263.9592,0.006543,0.00028,3.140466,-3.870639,6.025031,266.4941,263.8337,263.9136
8/12/2015,2:35:46 PM,0.557597,263.9617,0.006564,0.000279,3.051716,-3.870626,6.025005,266.5185,263.8358,263.9182
8/12/2015,2:36:00 PM,0.557505,263.9649,0.006584,0.000277,2.961067,-3.870664,6.025094,266.5377,263.8402,263.9237
8/12/2015,2:36:14 PM,0.556816,263.9665,0.006535,0.000275,2.869088,-3.870702,6.025081,266.5516,263.8433,263.9261
8/12/2015,2:36:28 PM,0.556568,263.9662,0.006557,0.000273,2.7734,-3.870866,6.025081,266.5524,263.8429,263.9315
8/12/2015,2:36:42 PM,0.55639,263.9648,0.006531,0.000272,2.678066,-3.870715,6.02517,266.5482,263.8436,263.9313
8/12/2015,2:36:56 PM,0.556113,263.965,0.006563,0.000269,2.584163,-3.870765,6.025094,266.5306,263.8435,263.9321
8/12/2015,2:37:10 PM,0.555934,263.9637,0.00655,0.000268,2.489664,-3.870588,6.025233,266.5078,263.8416,263.9324
8/12/2015,2:37:24 PM,0.555428,263.9576,0.006546,0.000265,2.392014,-3.870803,6.025183,266.4754,263.8426,263.9317
8/12/2015,2:37:38 PM,0.555046,263.9559,0.006527,0.000263,2.293224,-3.870639,6.02517,266.4353,263.839,263.9317
8/12/2015,2:37:52 PM,0.55477,263.952,0.00653,0.000262,2.196409,-3.870892,6.025145,266.3893,263.8398,263.9295
8/12/2015,2:38:06 PM,0.554462,263.9479,0.006556,0.000262,2.098163,-3.870854,6.025183,266.339,263.8356,263.9297
8/12/2015,2:38:20 PM,0.55431,263.9462,0.006531,0.00026,2.001576,-3.871018,6.025183,266.2917,263.8356,263.9283
8/12/2015,2:38:34 PM,0.553885,263.9417,0.006585,0.000261,1.901545,-3.870955,6.025208,266.253,263.8364,263.927
8/12/2015,2:38:48 PM,0.553719,263.9441,0.006527,0.00026,1.806946,-3.871006,6.025221,266.2177,263.8359,263.9273
8/12/2015,2:39:02 PM,0.553565,263.9387,0.006534,0.000252,1.701585,-3.870879,6.025195,266.1912,263.834,263.925
8/12/2015,2:39:16 PM,0.553179,263.9448,0.00658,0.000261,1.600985,-3.871006,6.025195,266.1751,263.8377,263.928
8/12/2015,2:39:30 PM,0.552716,263.9483,0.006534,0.000261,1.497687,-3.870968,6.025195,266.1675,263.837,263.9262
8/12/2015,2:39:44 PM,0.552438,263.949,0.006531,0.000261,1.397378,-3.870841,6.025208,266.1672,263.8408,263.9295
8/12/2015,2:39:58 PM,0.552135,263.9524,0.00656,0.000261,1.292359,-3.870993,6.025221,266.175,263.8408,263.9328
8/12/2015,2:40:13 PM,0.552012,263.9566,0.006522,0.00026,1.191113,-3.870942,6.025322,266.1905,263.847,263.9362
8/12/2015,2:40:27 PM,0.551662,263.9594,0.006525,0.000259,1.090183,-3.870892,6.025183,266.2066,263.85,263.9391
8/12/2015,2:40:41 PM,0.551134,263.9638,0.0065,0.000259,0.984779,-3.870942,6.025297,266.2306,263.8578,263.9456
8/12/2015,2:40:55 PM,0.55123,263.9661,0.006521,0.000259,0.882838,-3.870816,6.025221,266.2567,263.8634,263.9506
8/12/2015,2:41:09 PM,0.550854,263.9736,0.006515,0.000259,0.773028,-3.870753,6.025208,266.2845,263.8692,263.9564
8/12/2015,2:41:23 PM,0.550375,263.9723,0.006556,0.000258,0.675252,-3.870829,6.025183,266.3108,263.8718,263.9603
8/12/2015,2:41:37 PM,0.550202,263.975,0.006496,0.000257,0.583081,-3.87074,6.025183,266.3393,263.8767,263.9684
8/12/2015,2:41:51 PM,0.549806,263.976,0.006543,0.000256,0.49774,-3.870854,6.025221,266.3659,263.8796,263.9698
8/12/2015,2:42:06 PM,0.549407,263.9754,0.006518,0.000254,0.45332,-3.870879,6.025183,266.3935,263.8823,263.9728
8/12/2015,2:42:20 PM,0.550921,263.9769,0.006499,0.000264,0.443471,-3.870677,6.025942,266.4214,263.8841,263.979
8/12/2015,2:42:34 PM,0.550866,263.9778,0.006465,0.00031,0.444914,-3.872626,6.024993,266.4503,263.8857,263.9785
